task_id,prompt,answer,prediction,refine_prediction,label
47996f11,"
Do you know ARC problem?

It is similary below.

=========
Example 1

If input grids are like that
[[0, 3, 0, 0, 0, 0], [0, 3, 0, 2, 0, 0], [0, 0, 0, 2, 0, 0], [0, 8, 0, 0, 2, 2], [0, 0, 0, 0, 2, 2], [6, 6, 6, 0, 0, 0]],
then this grids change to output grids below
[[0, 0, 0, 0, 3, 0], [0, 0, 0, 0, 3, 2], [0, 0, 0, 0, 0, 2], [0, 0, 0, 8, 2, 2], [0, 0, 0, 0, 2, 2], [0, 0, 0, 6, 6, 6]].

=========

You can understand the pattern of this problem with input-output pair about example1.
In above case, you can inference like below.

In example 1 case, all obejct move right. So if given input is below,
[[0, 3, 0, 0, 0, 0], [0, 3, 0, 2, 0, 0], [0, 0, 0, 2, 0, 0], [0, 8, 0, 0, 2, 2], [0, 0, 0, 0, 2, 2], [6, 6, 6, 0, 0, 0]],
then you can move object to right side.
[[0, 0, 0, 0, 3, 0], [0, 0, 0, 0, 3, 2], [0, 0, 0, 0, 0, 2], [0, 0, 0, 8, 2, 2], [0, 0, 0, 0, 2, 2], [0, 0, 0, 6, 6, 6]].

Like this concept, 'object', 'count', 'color', 'move', 'row', 'column' and etc, helps you to understand patterns of problem and solve it.

Below problem is other pattern to solve. So you can understand below pattern with several examples and apply quiz's input to get right output.

=========

Example 1
If input grids are like that
[[8, 9, 5, 5, 9, 4, 8, 8, 4, 5, 7, 7, 3, 6, 6, 6, 7, 7, 1, 3, 7, 7, 5, 4, 8, 8, 4, 9, 5, 5], [9, 8, 5, 8, 4, 9, 8, 8, 5, 4, 7, 7, 1, 6, 6, 6, 9, 7, 7, 1, 7, 7, 4, 5, 8, 8, 9, 4, 8, 5], [5, 5, 2, 2, 8, 8, 1, 7, 7, 7, 7, 7, 7, 6, 6, 6, 9, 9, 7, 7, 7, 7, 7, 7, 7, 1, 8, 8, 2, 2], [5, 8, 2, 9, 8, 8, 7, 7, 7, 7, 7, 7, 7, 9, 9, 9, 9, 9, 9, 7, 7, 7, 7, 7, 7, 7, 8, 8, 9, 2], [9, 4, 8, 8, 8, 2, 4, 4, 3, 1, 7, 7, 9, 3, 2, 5, 5, 2, 3, 9, 7, 7, 1, 3, 4, 4, 2, 8, 8, 8], [4, 9, 8, 8, 2, 8, 4, 1, 1, 7, 7, 9, 3, 8, 5, 2, 2, 5, 8, 3, 9, 7, 7, 1, 1, 4, 8, 2, 8, 8], [8, 8, 1, 7, 4, 4, 8, 7, 7, 7, 9, 9, 2, 5, 5, 4, 4, 5, 5, 2, 9, 9, 7, 7, 7, 8, 4, 4, 7, 1], [8, 8, 7, 7, 4, 1, 7, 8, 7, 9, 9, 9, 5, 2, 4, 5, 5, 4, 2, 5, 9, 9, 9, 7, 8, 7, 1, 4, 7, 7], [4, 5, 7, 7, 3, 1, 7, 7, 7, 7, 4, 4, 9, 1, 2, 2, 2, 2, 1, 9, 4, 4, 7, 7, 7, 7, 1, 3, 7, 7], [5, 4, 7, 7, 1, 7, 7, 9, 7, 7, 4, 9, 1, 7, 2, 2, 2, 2, 7, 1, 9, 4, 7, 7, 9, 7, 7, 1, 7, 7], [7, 7, 7, 7, 7, 7, 9, 9, 4, 4, 4, 5, 2, 2, 8, 3, 3, 8, 2, 2, 5, 4, 4, 4, 9, 9, 7, 7, 7, 7], [7, 7, 7, 7, 7, 9, 9, 9, 4, 9, 5, 5, 2, 2, 3, 8, 8, 3, 2, 2, 5, 5, 9, 4, 9, 9, 9, 7, 7, 7], [3, 1, 7, 7, 9, 3, 2, 5, 9, 1, 2, 2, 5, 5, 1, 1, 1, 1, 5, 5, 2, 2, 1, 9, 5, 2, 3, 9, 7, 7], [1, 7, 7, 9, 3, 8, 5, 2, 1, 7, 2, 2, 5, 2, 1, 7, 7, 1, 2, 5, 2, 2, 7, 1, 2, 5, 8, 3, 6, 6], [7, 7, 9, 9, 2, 5, 5, 4, 2, 2, 8, 3, 1, 1, 8, 2, 2, 8, 1, 1, 3, 8, 2, 2, 4, 5, 5, 2, 6, 6], [7, 9, 9, 9, 5, 2, 4, 5, 2, 2, 3, 8, 1, 7, 2, 3, 3, 2, 7, 1, 8, 3, 2, 2, 5, 4, 2, 5, 6, 6], [7, 9, 9, 9, 5, 2, 4, 5, 2, 2, 3, 8, 1, 7, 2, 3, 3, 2, 7, 1, 8, 3, 2, 2, 5, 4, 2, 5, 6, 6], [7, 7, 9, 9, 2, 5, 5, 4, 2, 2, 8, 3, 1, 1, 8, 2, 2, 8, 1, 1, 3, 8, 2, 2, 4, 5, 5, 2, 6, 6], [1, 7, 7, 9, 3, 8, 5, 2, 1, 7, 2, 2, 5, 2, 1, 7, 7, 1, 2, 5, 2, 2, 7, 1, 2, 5, 8, 3, 6, 6], [3, 1, 7, 7, 9, 3, 2, 5, 9, 1, 2, 2, 5, 5, 1, 1, 1, 1, 5, 5, 2, 2, 1, 9, 5, 2, 3, 9, 7, 7], [7, 7, 7, 7, 7, 9, 9, 9, 4, 9, 5, 5, 2, 2, 3, 8, 8, 3, 2, 2, 5, 5, 9, 4, 9, 9, 9, 7, 7, 6], [7, 7, 7, 7, 7, 7, 9, 9, 4, 4, 4, 5, 2, 2, 8, 3, 3, 8, 2, 2, 5, 4, 4, 4, 9, 9, 7, 7, 7, 6], [5, 4, 7, 7, 1, 7, 7, 9, 7, 7, 4, 9, 1, 7, 2, 2, 2, 2, 7, 1, 9, 4, 7, 7, 9, 7, 7, 1, 7, 6], [4, 5, 7, 7, 3, 1, 7, 7, 7, 7, 4, 4, 9, 1, 2, 2, 2, 2, 1, 9, 4, 4, 7, 7, 7, 7, 1, 3, 7, 6], [8, 8, 7, 7, 4, 1, 7, 8, 7, 9, 9, 9, 5, 2, 4, 5, 5, 4, 2, 5, 9, 9, 9, 6, 6, 7, 1, 4, 7, 6], [8, 8, 1, 7, 4, 4, 8, 7, 7, 7, 9, 9, 2, 5, 5, 4, 4, 5, 5, 2, 9, 9, 7, 6, 6, 8, 4, 4, 7, 6], [4, 9, 8, 8, 2, 8, 4, 1, 1, 7, 7, 9, 3, 8, 5, 2, 2, 5, 8, 3, 9, 7, 7, 6, 6, 4, 8, 2, 8, 8], [9, 4, 8, 8, 8, 2, 4, 4, 3, 1, 7, 7, 9, 3, 2, 5, 5, 2, 3, 9, 7, 7, 1, 6, 6, 4, 2, 8, 8, 8], [5, 8, 2, 9, 8, 8, 7, 7, 7, 7, 7, 7, 7, 9, 9, 9, 9, 9, 9, 7, 7, 7, 7, 6, 6, 7, 8, 8, 9, 2], [5, 5, 2, 2, 8, 8, 1, 7, 7, 7, 7, 7, 7, 7, 9, 9, 9, 9, 7, 7, 7, 7, 7, 6, 6, 1, 8, 8, 2, 2]],
then this grids change to output grids below
[[8, 9, 5, 5, 9, 4, 8, 8, 4, 5, 7, 7, 3, 1, 7, 7, 7, 7, 1, 3, 7, 7, 5, 4, 8, 8, 4, 9, 5, 5], [9, 8, 5, 8, 4, 9, 8, 8, 5, 4, 7, 7, 1, 7, 7, 9, 9, 7, 7, 1, 7, 7, 4, 5, 8, 8, 9, 4, 8, 5], [5, 5, 2, 2, 8, 8, 1, 7, 7, 7, 7, 7, 7, 7, 9, 9, 9, 9, 7, 7, 7, 7, 7, 7, 7, 1, 8, 8, 2, 2], [5, 8, 2, 9, 8, 8, 7, 7, 7, 7, 7, 7, 7, 9, 9, 9, 9, 9, 9, 7, 7, 7, 7, 7, 7, 7, 8, 8, 9, 2], [9, 4, 8, 8, 8, 2, 4, 4, 3, 1, 7, 7, 9, 3, 2, 5, 5, 2, 3, 9, 7, 7, 1, 3, 4, 4, 2, 8, 8, 8], [4, 9, 8, 8, 2, 8, 4, 1, 1, 7, 7, 9, 3, 8, 5, 2, 2, 5, 8, 3, 9, 7, 7, 1, 1, 4, 8, 2, 8, 8], [8, 8, 1, 7, 4, 4, 8, 7, 7, 7, 9, 9, 2, 5, 5, 4, 4, 5, 5, 2, 9, 9, 7, 7, 7, 8, 4, 4, 7, 1], [8, 8, 7, 7, 4, 1, 7, 8, 7, 9, 9, 9, 5, 2, 4, 5, 5, 4, 2, 5, 9, 9, 9, 7, 8, 7, 1, 4, 7, 7], [4, 5, 7, 7, 3, 1, 7, 7, 7, 7, 4, 4, 9, 1, 2, 2, 2, 2, 1, 9, 4, 4, 7, 7, 7, 7, 1, 3, 7, 7], [5, 4, 7, 7, 1, 7, 7, 9, 7, 7, 4, 9, 1, 7, 2, 2, 2, 2, 7, 1, 9, 4, 7, 7, 9, 7, 7, 1, 7, 7], [7, 7, 7, 7, 7, 7, 9, 9, 4, 4, 4, 5, 2, 2, 8, 3, 3, 8, 2, 2, 5, 4, 4, 4, 9, 9, 7, 7, 7, 7], [7, 7, 7, 7, 7, 9, 9, 9, 4, 9, 5, 5, 2, 2, 3, 8, 8, 3, 2, 2, 5, 5, 9, 4, 9, 9, 9, 7, 7, 7], [3, 1, 7, 7, 9, 3, 2, 5, 9, 1, 2, 2, 5, 5, 1, 1, 1, 1, 5, 5, 2, 2, 1, 9, 5, 2, 3, 9, 7, 7], [1, 7, 7, 9, 3, 8, 5, 2, 1, 7, 2, 2, 5, 2, 1, 7, 7, 1, 2, 5, 2, 2, 7, 1, 2, 5, 8, 3, 9, 7], [7, 7, 9, 9, 2, 5, 5, 4, 2, 2, 8, 3, 1, 1, 8, 2, 2, 8, 1, 1, 3, 8, 2, 2, 4, 5, 5, 2, 9, 9], [7, 9, 9, 9, 5, 2, 4, 5, 2, 2, 3, 8, 1, 7, 2, 3, 3, 2, 7, 1, 8, 3, 2, 2, 5, 4, 2, 5, 9, 9], [7, 9, 9, 9, 5, 2, 4, 5, 2, 2, 3, 8, 1, 7, 2, 3, 3, 2, 7, 1, 8, 3, 2, 2, 5, 4, 2, 5, 9, 9], [7, 7, 9, 9, 2, 5, 5, 4, 2, 2, 8, 3, 1, 1, 8, 2, 2, 8, 1, 1, 3, 8, 2, 2, 4, 5, 5, 2, 9, 9], [1, 7, 7, 9, 3, 8, 5, 2, 1, 7, 2, 2, 5, 2, 1, 7, 7, 1, 2, 5, 2, 2, 7, 1, 2, 5, 8, 3, 9, 7], [3, 1, 7, 7, 9, 3, 2, 5, 9, 1, 2, 2, 5, 5, 1, 1, 1, 1, 5, 5, 2, 2, 1, 9, 5, 2, 3, 9, 7, 7], [7, 7, 7, 7, 7, 9, 9, 9, 4, 9, 5, 5, 2, 2, 3, 8, 8, 3, 2, 2, 5, 5, 9, 4, 9, 9, 9, 7, 7, 7], [7, 7, 7, 7, 7, 7, 9, 9, 4, 4, 4, 5, 2, 2, 8, 3, 3, 8, 2, 2, 5, 4, 4, 4, 9, 9, 7, 7, 7, 7], [5, 4, 7, 7, 1, 7, 7, 9, 7, 7, 4, 9, 1, 7, 2, 2, 2, 2, 7, 1, 9, 4, 7, 7, 9, 7, 7, 1, 7, 7], [4, 5, 7, 7, 3, 1, 7, 7, 7, 7, 4, 4, 9, 1, 2, 2, 2, 2, 1, 9, 4, 4, 7, 7, 7, 7, 1, 3, 7, 7], [8, 8, 7, 7, 4, 1, 7, 8, 7, 9, 9, 9, 5, 2, 4, 5, 5, 4, 2, 5, 9, 9, 9, 7, 8, 7, 1, 4, 7, 7], [8, 8, 1, 7, 4, 4, 8, 7, 7, 7, 9, 9, 2, 5, 5, 4, 4, 5, 5, 2, 9, 9, 7, 7, 7, 8, 4, 4, 7, 1], [4, 9, 8, 8, 2, 8, 4, 1, 1, 7, 7, 9, 3, 8, 5, 2, 2, 5, 8, 3, 9, 7, 7, 1, 1, 4, 8, 2, 8, 8], [9, 4, 8, 8, 8, 2, 4, 4, 3, 1, 7, 7, 9, 3, 2, 5, 5, 2, 3, 9, 7, 7, 1, 3, 4, 4, 2, 8, 8, 8], [5, 8, 2, 9, 8, 8, 7, 7, 7, 7, 7, 7, 7, 9, 9, 9, 9, 9, 9, 7, 7, 7, 7, 7, 7, 7, 8, 8, 9, 2], [5, 5, 2, 2, 8, 8, 1, 7, 7, 7, 7, 7, 7, 7, 9, 9, 9, 9, 7, 7, 7, 7, 7, 7, 7, 1, 8, 8, 2, 2]].

Example 2
If input grids are like that
[[9, 3, 7, 7, 3, 3, 9, 4, 3, 3, 5, 5, 7, 1, 2, 3, 3, 2, 1, 7, 5, 6, 6, 6, 6, 6, 6, 3, 7, 7], [3, 9, 7, 9, 3, 9, 4, 9, 3, 3, 5, 5, 1, 1, 3, 3, 3, 3, 1, 1, 5, 6, 6, 6, 6, 6, 6, 3, 9, 7], [7, 7, 5, 3, 9, 4, 8, 5, 5, 5, 3, 3, 2, 3, 1, 1, 1, 1, 3, 2, 3, 3, 5, 5, 5, 8, 4, 9, 3, 5], [7, 9, 3, 3, 4, 9, 5, 8, 5, 5, 3, 3, 3, 3, 1, 7, 7, 1, 3, 3, 3, 3, 5, 5, 8, 5, 9, 4, 3, 3], [3, 3, 9, 4, 3, 5, 7, 2, 7, 1, 2, 3, 7, 6, 6, 6, 4, 7, 3, 7, 3, 2, 1, 7, 2, 7, 5, 3, 4, 9], [3, 9, 4, 9, 5, 5, 2, 1, 1, 1, 3, 3, 3, 6, 6, 6, 7, 4, 7, 3, 3, 3, 1, 1, 1, 2, 5, 5, 9, 4], [9, 4, 8, 5, 7, 2, 4, 4, 2, 3, 1, 1, 7, 6, 6, 6, 9, 5, 4, 7, 1, 1, 3, 2, 4, 4, 2, 7, 5, 8], [4, 9, 5, 8, 2, 1, 4, 2, 3, 3, 1, 7, 4, 6, 6, 6, 1, 9, 7, 4, 7, 1, 3, 3, 2, 4, 1, 2, 8, 5], [3, 3, 5, 5, 7, 1, 2, 3, 3, 3, 1, 4, 8, 5, 8, 3, 3, 8, 5, 8, 4, 1, 3, 3, 3, 2, 1, 7, 5, 5], [3, 3, 5, 5, 1, 1, 3, 3, 3, 3, 4, 1, 5, 8, 3, 2, 2, 3, 8, 5, 1, 4, 3, 3, 3, 3, 1, 1, 5, 5], [5, 5, 3, 3, 2, 3, 1, 1, 1, 4, 9, 7, 8, 3, 7, 7, 7, 7, 3, 8, 7, 9, 4, 1, 1, 1, 3, 2, 3, 3], [5, 5, 3, 3, 3, 3, 1, 7, 4, 1, 7, 9, 3, 2, 7, 5, 5, 7, 2, 3, 9, 7, 1, 4, 7, 1, 3, 3, 3, 3], [7, 1, 2, 3, 7, 3, 7, 4, 8, 5, 8, 3, 8, 1, 4, 8, 8, 4, 1, 8, 3, 8, 5, 8, 4, 7, 3, 7, 3, 2], [1, 1, 3, 3, 3, 7, 4, 7, 5, 8, 3, 2, 1, 1, 8, 4, 4, 8, 1, 6, 6, 6, 6, 6, 6, 4, 7, 3, 3, 3], [2, 3, 1, 1, 7, 4, 5, 9, 8, 3, 7, 7, 4, 8, 7, 7, 7, 7, 8, 6, 6, 6, 6, 6, 6, 5, 4, 7, 1, 1], [3, 3, 1, 7, 4, 7, 9, 1, 3, 2, 7, 5, 8, 4, 7, 1, 1, 7, 4, 8, 5, 7, 2, 3, 1, 9, 7, 4, 7, 1], [3, 3, 1, 7, 4, 7, 9, 1, 3, 2, 7, 5, 8, 4, 7, 1, 1, 7, 4, 8, 5, 7, 2, 3, 1, 9, 7, 4, 7, 1], [2, 3, 1, 1, 7, 4, 5, 9, 8, 3, 7, 7, 4, 8, 7, 7, 7, 7, 8, 4, 7, 7, 3, 8, 9, 5, 4, 7, 1, 1], [1, 1, 3, 3, 3, 7, 4, 7, 5, 8, 3, 2, 1, 1, 8, 4, 4, 8, 1, 1, 2, 3, 8, 5, 7, 4, 7, 3, 3, 3], [7, 1, 2, 3, 7, 3, 7, 4, 8, 5, 8, 3, 8, 1, 4, 8, 8, 4, 1, 8, 3, 8, 5, 8, 4, 7, 3, 7, 3, 2], [5, 5, 3, 3, 3, 3, 1, 7, 4, 1, 7, 9, 3, 2, 7, 5, 5, 7, 2, 3, 9, 7, 1, 4, 7, 1, 3, 3, 3, 3], [5, 5, 3, 3, 2, 3, 1, 1, 1, 4, 9, 7, 8, 3, 7, 7, 7, 7, 3, 8, 7, 9, 4, 1, 1, 1, 3, 2, 3, 3], [3, 3, 5, 5, 1, 1, 3, 3, 3, 3, 4, 1, 5, 8, 3, 2, 2, 3, 8, 5, 1, 4, 3, 3, 3, 3, 1, 1, 5, 5], [3, 3, 5, 5, 7, 1, 2, 3, 3, 3, 1, 4, 8, 5, 8, 3, 3, 8, 5, 8, 4, 1, 3, 3, 3, 2, 1, 7, 5, 5], [4, 9, 5, 8, 2, 1, 4, 2, 3, 3, 1, 7, 4, 7, 9, 1, 1, 9, 7, 4, 7, 1, 3, 3, 2, 4, 1, 2, 8, 5], [9, 4, 8, 5, 7, 2, 4, 4, 2, 3, 1, 1, 7, 4, 5, 9, 9, 5, 4, 7, 1, 1, 3, 2, 4, 4, 2, 7, 5, 8], [3, 9, 4, 9, 5, 5, 2, 1, 1, 1, 3, 3, 3, 7, 4, 7, 7, 4, 7, 3, 3, 3, 1, 1, 1, 2, 5, 5, 9, 4], [3, 3, 9, 4, 3, 6, 6, 6, 7, 1, 2, 3, 7, 3, 7, 4, 4, 7, 3, 7, 3, 2, 1, 7, 2, 7, 5, 3, 4, 9], [7, 9, 3, 3, 4, 6, 6, 6, 5, 5, 3, 3, 3, 3, 1, 7, 7, 1, 3, 3, 3, 3, 5, 5, 8, 5, 9, 4, 3, 3], [7, 7, 5, 3, 9, 6, 6, 6, 5, 5, 3, 3, 2, 3, 1, 1, 1, 1, 3, 2, 3, 3, 5, 5, 5, 8, 4, 9, 3, 5]],
then this grids change to output grids below
[[9, 3, 7, 7, 3, 3, 9, 4, 3, 3, 5, 5, 7, 1, 2, 3, 3, 2, 1, 7, 5, 5, 3, 3, 4, 9, 3, 3, 7, 7], [3, 9, 7, 9, 3, 9, 4, 9, 3, 3, 5, 5, 1, 1, 3, 3, 3, 3, 1, 1, 5, 5, 3, 3, 9, 4, 9, 3, 9, 7], [7, 7, 5, 3, 9, 4, 8, 5, 5, 5, 3, 3, 2, 3, 1, 1, 1, 1, 3, 2, 3, 3, 5, 5, 5, 8, 4, 9, 3, 5], [7, 9, 3, 3, 4, 9, 5, 8, 5, 5, 3, 3, 3, 3, 1, 7, 7, 1, 3, 3, 3, 3, 5, 5, 8, 5, 9, 4, 3, 3], [3, 3, 9, 4, 3, 5, 7, 2, 7, 1, 2, 3, 7, 3, 7, 4, 4, 7, 3, 7, 3, 2, 1, 7, 2, 7, 5, 3, 4, 9], [3, 9, 4, 9, 5, 5, 2, 1, 1, 1, 3, 3, 3, 7, 4, 7, 7, 4, 7, 3, 3, 3, 1, 1, 1, 2, 5, 5, 9, 4], [9, 4, 8, 5, 7, 2, 4, 4, 2, 3, 1, 1, 7, 4, 5, 9, 9, 5, 4, 7, 1, 1, 3, 2, 4, 4, 2, 7, 5, 8], [4, 9, 5, 8, 2, 1, 4, 2, 3, 3, 1, 7, 4, 7, 9, 1, 1, 9, 7, 4, 7, 1, 3, 3, 2, 4, 1, 2, 8, 5], [3, 3, 5, 5, 7, 1, 2, 3, 3, 3, 1, 4, 8, 5, 8, 3, 3, 8, 5, 8, 4, 1, 3, 3, 3, 2, 1, 7, 5, 5], [3, 3, 5, 5, 1, 1, 3, 3, 3, 3, 4, 1, 5, 8, 3, 2, 2, 3, 8, 5, 1, 4, 3, 3, 3, 3, 1, 1, 5, 5], [5, 5, 3, 3, 2, 3, 1, 1, 1, 4, 9, 7, 8, 3, 7, 7, 7, 7, 3, 8, 7, 9, 4, 1, 1, 1, 3, 2, 3, 3], [5, 5, 3, 3, 3, 3, 1, 7, 4, 1, 7, 9, 3, 2, 7, 5, 5, 7, 2, 3, 9, 7, 1, 4, 7, 1, 3, 3, 3, 3], [7, 1, 2, 3, 7, 3, 7, 4, 8, 5, 8, 3, 8, 1, 4, 8, 8, 4, 1, 8, 3, 8, 5, 8, 4, 7, 3, 7, 3, 2], [1, 1, 3, 3, 3, 7, 4, 7, 5, 8, 3, 2, 1, 1, 8, 4, 4, 8, 1, 1, 2, 3, 8, 5, 7, 4, 7, 3, 3, 3], [2, 3, 1, 1, 7, 4, 5, 9, 8, 3, 7, 7, 4, 8, 7, 7, 7, 7, 8, 4, 7, 7, 3, 8, 9, 5, 4, 7, 1, 1], [3, 3, 1, 7, 4, 7, 9, 1, 3, 2, 7, 5, 8, 4, 7, 1, 1, 7, 4, 8, 5, 7, 2, 3, 1, 9, 7, 4, 7, 1], [3, 3, 1, 7, 4, 7, 9, 1, 3, 2, 7, 5, 8, 4, 7, 1, 1, 7, 4, 8, 5, 7, 2, 3, 1, 9, 7, 4, 7, 1], [2, 3, 1, 1, 7, 4, 5, 9, 8, 3, 7, 7, 4, 8, 7, 7, 7, 7, 8, 4, 7, 7, 3, 8, 9, 5, 4, 7, 1, 1], [1, 1, 3, 3, 3, 7, 4, 7, 5, 8, 3, 2, 1, 1, 8, 4, 4, 8, 1, 1, 2, 3, 8, 5, 7, 4, 7, 3, 3, 3], [7, 1, 2, 3, 7, 3, 7, 4, 8, 5, 8, 3, 8, 1, 4, 8, 8, 4, 1, 8, 3, 8, 5, 8, 4, 7, 3, 7, 3, 2], [5, 5, 3, 3, 3, 3, 1, 7, 4, 1, 7, 9, 3, 2, 7, 5, 5, 7, 2, 3, 9, 7, 1, 4, 7, 1, 3, 3, 3, 3], [5, 5, 3, 3, 2, 3, 1, 1, 1, 4, 9, 7, 8, 3, 7, 7, 7, 7, 3, 8, 7, 9, 4, 1, 1, 1, 3, 2, 3, 3], [3, 3, 5, 5, 1, 1, 3, 3, 3, 3, 4, 1, 5, 8, 3, 2, 2, 3, 8, 5, 1, 4, 3, 3, 3, 3, 1, 1, 5, 5], [3, 3, 5, 5, 7, 1, 2, 3, 3, 3, 1, 4, 8, 5, 8, 3, 3, 8, 5, 8, 4, 1, 3, 3, 3, 2, 1, 7, 5, 5], [4, 9, 5, 8, 2, 1, 4, 2, 3, 3, 1, 7, 4, 7, 9, 1, 1, 9, 7, 4, 7, 1, 3, 3, 2, 4, 1, 2, 8, 5], [9, 4, 8, 5, 7, 2, 4, 4, 2, 3, 1, 1, 7, 4, 5, 9, 9, 5, 4, 7, 1, 1, 3, 2, 4, 4, 2, 7, 5, 8], [3, 9, 4, 9, 5, 5, 2, 1, 1, 1, 3, 3, 3, 7, 4, 7, 7, 4, 7, 3, 3, 3, 1, 1, 1, 2, 5, 5, 9, 4], [3, 3, 9, 4, 3, 5, 7, 2, 7, 1, 2, 3, 7, 3, 7, 4, 4, 7, 3, 7, 3, 2, 1, 7, 2, 7, 5, 3, 4, 9], [7, 9, 3, 3, 4, 9, 5, 8, 5, 5, 3, 3, 3, 3, 1, 7, 7, 1, 3, 3, 3, 3, 5, 5, 8, 5, 9, 4, 3, 3], [7, 7, 5, 3, 9, 4, 8, 5, 5, 5, 3, 3, 2, 3, 1, 1, 1, 1, 3, 2, 3, 3, 5, 5, 5, 8, 4, 9, 3, 5]].

Example 3
If input grids are like that
[[8, 8, 8, 2, 4, 2, 9, 9, 3, 2, 8, 8, 5, 5, 3, 3, 3, 3, 5, 5, 8, 8, 2, 3, 9, 9, 2, 4, 2, 8], [8, 9, 2, 8, 2, 2, 9, 5, 2, 3, 8, 8, 5, 7, 3, 9, 9, 3, 7, 5, 8, 8, 3, 2, 5, 9, 2, 2, 8, 2], [8, 2, 4, 9, 9, 9, 5, 1, 8, 8, 3, 3, 3, 3, 9, 4, 4, 9, 3, 3, 3, 3, 8, 8, 1, 5, 9, 9, 9, 4], [2, 8, 9, 8, 9, 5, 1, 8, 8, 8, 3, 9, 3, 9, 4, 8, 8, 4, 9, 3, 9, 3, 8, 8, 8, 1, 5, 9, 8, 9], [4, 2, 9, 9, 1, 9, 8, 1, 5, 5, 3, 3, 8, 5, 5, 5, 5, 5, 5, 8, 3, 3, 5, 5, 1, 8, 9, 1, 9, 9], [2, 2, 9, 5, 9, 5, 1, 8, 5, 7, 3, 9, 5, 5, 5, 5, 5, 5, 5, 5, 9, 3, 7, 5, 8, 1, 5, 9, 5, 9], [9, 9, 5, 1, 8, 1, 5, 5, 3, 3, 9, 4, 5, 5, 2, 5, 5, 2, 5, 5, 4, 9, 3, 3, 5, 5, 1, 8, 1, 5], [9, 5, 1, 8, 1, 8, 5, 7, 3, 9, 4, 8, 5, 5, 5, 7, 7, 5, 5, 5, 8, 4, 9, 3, 7, 5, 8, 1, 8, 1], [3, 2, 8, 8, 5, 5, 6, 6, 7, 2, 5, 2, 2, 4, 2, 7, 7, 2, 4, 2, 2, 5, 2, 7, 3, 3, 5, 5, 8, 8], [2, 3, 8, 8, 5, 7, 6, 6, 2, 7, 2, 2, 4, 9, 7, 2, 2, 7, 9, 4, 2, 2, 7, 2, 9, 3, 7, 5, 8, 8], [8, 8, 3, 3, 3, 3, 6, 6, 5, 2, 5, 4, 2, 7, 8, 7, 7, 8, 7, 2, 4, 5, 2, 5, 4, 9, 3, 3, 3, 3], [8, 8, 3, 9, 3, 9, 6, 6, 2, 2, 4, 5, 7, 2, 7, 5, 5, 7, 2, 7, 5, 4, 2, 2, 8, 4, 9, 3, 9, 3], [5, 5, 3, 3, 8, 5, 5, 5, 6, 6, 6, 6, 6, 9, 3, 3, 3, 3, 9, 9, 7, 2, 4, 2, 5, 5, 5, 8, 3, 3], [5, 7, 3, 9, 5, 5, 5, 5, 6, 6, 6, 6, 6, 7, 3, 7, 7, 3, 7, 9, 2, 7, 9, 4, 5, 5, 5, 5, 9, 3], [3, 3, 9, 4, 5, 5, 2, 5, 6, 6, 6, 6, 6, 3, 8, 8, 8, 8, 3, 3, 7, 8, 7, 2, 5, 2, 5, 5, 4, 9], [3, 9, 4, 8, 5, 5, 5, 7, 6, 6, 6, 6, 6, 6, 6, 8, 8, 8, 7, 3, 5, 7, 2, 7, 7, 5, 5, 5, 8, 4], [3, 9, 4, 8, 5, 5, 5, 7, 6, 6, 6, 6, 6, 6, 6, 8, 8, 8, 7, 3, 5, 7, 2, 7, 7, 5, 5, 5, 8, 4], [3, 3, 9, 4, 5, 5, 2, 5, 6, 6, 6, 6, 6, 6, 6, 8, 8, 8, 3, 3, 7, 8, 7, 2, 5, 2, 5, 5, 4, 9], [5, 7, 3, 9, 5, 5, 5, 5, 6, 6, 6, 6, 6, 6, 6, 7, 7, 3, 7, 9, 2, 7, 9, 4, 5, 5, 5, 5, 9, 3], [5, 5, 3, 3, 8, 5, 5, 5, 6, 6, 6, 6, 6, 6, 6, 3, 3, 3, 9, 9, 7, 2, 4, 2, 5, 5, 5, 8, 3, 3], [8, 8, 3, 9, 3, 9, 4, 8, 2, 6, 6, 6, 6, 6, 6, 5, 5, 7, 2, 7, 5, 4, 2, 2, 8, 4, 9, 3, 9, 3], [8, 8, 3, 3, 3, 3, 9, 4, 5, 6, 6, 6, 6, 6, 6, 7, 7, 8, 7, 2, 4, 5, 2, 5, 4, 9, 3, 3, 3, 3], [2, 3, 8, 8, 5, 7, 3, 9, 6, 6, 6, 6, 6, 9, 7, 2, 2, 7, 9, 4, 2, 2, 7, 2, 9, 3, 7, 5, 8, 8], [3, 2, 8, 8, 5, 5, 3, 3, 6, 6, 6, 6, 6, 4, 2, 7, 7, 2, 4, 2, 2, 5, 2, 7, 3, 3, 5, 5, 8, 8], [9, 5, 1, 8, 1, 8, 5, 7, 6, 6, 6, 6, 6, 5, 5, 7, 7, 5, 5, 5, 8, 4, 9, 3, 7, 5, 8, 1, 8, 1], [9, 9, 5, 1, 8, 1, 5, 5, 6, 6, 6, 6, 6, 5, 2, 5, 5, 2, 5, 5, 4, 9, 3, 3, 5, 5, 1, 8, 1, 5], [2, 2, 9, 5, 9, 5, 1, 8, 6, 6, 6, 6, 6, 5, 5, 5, 5, 5, 5, 5, 9, 3, 7, 5, 8, 1, 5, 9, 5, 9], [4, 2, 9, 9, 1, 9, 8, 1, 5, 5, 3, 3, 8, 5, 5, 5, 5, 5, 5, 8, 3, 3, 5, 5, 1, 8, 9, 1, 9, 9], [2, 8, 9, 8, 9, 5, 1, 8, 8, 8, 3, 9, 3, 9, 4, 8, 8, 4, 9, 3, 9, 3, 8, 8, 8, 1, 5, 9, 8, 9], [8, 2, 4, 9, 9, 9, 5, 1, 8, 8, 3, 3, 3, 3, 9, 4, 4, 9, 3, 3, 3, 3, 8, 8, 1, 5, 9, 9, 9, 4]],
then this grids change to output grids below
[[8, 8, 8, 2, 4, 2, 9, 9, 3, 2, 8, 8, 5, 5, 3, 3, 3, 3, 5, 5, 8, 8, 2, 3, 9, 9, 2, 4, 2, 8], [8, 9, 2, 8, 2, 2, 9, 5, 2, 3, 8, 8, 5, 7, 3, 9, 9, 3, 7, 5, 8, 8, 3, 2, 5, 9, 2, 2, 8, 2], [8, 2, 4, 9, 9, 9, 5, 1, 8, 8, 3, 3, 3, 3, 9, 4, 4, 9, 3, 3, 3, 3, 8, 8, 1, 5, 9, 9, 9, 4], [2, 8, 9, 8, 9, 5, 1, 8, 8, 8, 3, 9, 3, 9, 4, 8, 8, 4, 9, 3, 9, 3, 8, 8, 8, 1, 5, 9, 8, 9], [4, 2, 9, 9, 1, 9, 8, 1, 5, 5, 3, 3, 8, 5, 5, 5, 5, 5, 5, 8, 3, 3, 5, 5, 1, 8, 9, 1, 9, 9], [2, 2, 9, 5, 9, 5, 1, 8, 5, 7, 3, 9, 5, 5, 5, 5, 5, 5, 5, 5, 9, 3, 7, 5, 8, 1, 5, 9, 5, 9], [9, 9, 5, 1, 8, 1, 5, 5, 3, 3, 9, 4, 5, 5, 2, 5, 5, 2, 5, 5, 4, 9, 3, 3, 5, 5, 1, 8, 1, 5], [9, 5, 1, 8, 1, 8, 5, 7, 3, 9, 4, 8, 5, 5, 5, 7, 7, 5, 5, 5, 8, 4, 9, 3, 7, 5, 8, 1, 8, 1], [3, 2, 8, 8, 5, 5, 3, 3, 7, 2, 5, 2, 2, 4, 2, 7, 7, 2, 4, 2, 2, 5, 2, 7, 3, 3, 5, 5, 8, 8], [2, 3, 8, 8, 5, 7, 3, 9, 2, 7, 2, 2, 4, 9, 7, 2, 2, 7, 9, 4, 2, 2, 7, 2, 9, 3, 7, 5, 8, 8], [8, 8, 3, 3, 3, 3, 9, 4, 5, 2, 5, 4, 2, 7, 8, 7, 7, 8, 7, 2, 4, 5, 2, 5, 4, 9, 3, 3, 3, 3], [8, 8, 3, 9, 3, 9, 4, 8, 2, 2, 4, 5, 7, 2, 7, 5, 5, 7, 2, 7, 5, 4, 2, 2, 8, 4, 9, 3, 9, 3], [5, 5, 3, 3, 8, 5, 5, 5, 2, 4, 2, 7, 9, 9, 3, 3, 3, 3, 9, 9, 7, 2, 4, 2, 5, 5, 5, 8, 3, 3], [5, 7, 3, 9, 5, 5, 5, 5, 4, 9, 7, 2, 9, 7, 3, 7, 7, 3, 7, 9, 2, 7, 9, 4, 5, 5, 5, 5, 9, 3], [3, 3, 9, 4, 5, 5, 2, 5, 2, 7, 8, 7, 3, 3, 8, 8, 8, 8, 3, 3, 7, 8, 7, 2, 5, 2, 5, 5, 4, 9], [3, 9, 4, 8, 5, 5, 5, 7, 7, 2, 7, 5, 3, 7, 8, 8, 8, 8, 7, 3, 5, 7, 2, 7, 7, 5, 5, 5, 8, 4], [3, 9, 4, 8, 5, 5, 5, 7, 7, 2, 7, 5, 3, 7, 8, 8, 8, 8, 7, 3, 5, 7, 2, 7, 7, 5, 5, 5, 8, 4], [3, 3, 9, 4, 5, 5, 2, 5, 2, 7, 8, 7, 3, 3, 8, 8, 8, 8, 3, 3, 7, 8, 7, 2, 5, 2, 5, 5, 4, 9], [5, 7, 3, 9, 5, 5, 5, 5, 4, 9, 7, 2, 9, 7, 3, 7, 7, 3, 7, 9, 2, 7, 9, 4, 5, 5, 5, 5, 9, 3], [5, 5, 3, 3, 8, 5, 5, 5, 2, 4, 2, 7, 9, 9, 3, 3, 3, 3, 9, 9, 7, 2, 4, 2, 5, 5, 5, 8, 3, 3], [8, 8, 3, 9, 3, 9, 4, 8, 2, 2, 4, 5, 7, 2, 7, 5, 5, 7, 2, 7, 5, 4, 2, 2, 8, 4, 9, 3, 9, 3], [8, 8, 3, 3, 3, 3, 9, 4, 5, 2, 5, 4, 2, 7, 8, 7, 7, 8, 7, 2, 4, 5, 2, 5, 4, 9, 3, 3, 3, 3], [2, 3, 8, 8, 5, 7, 3, 9, 2, 7, 2, 2, 4, 9, 7, 2, 2, 7, 9, 4, 2, 2, 7, 2, 9, 3, 7, 5, 8, 8], [3, 2, 8, 8, 5, 5, 3, 3, 7, 2, 5, 2, 2, 4, 2, 7, 7, 2, 4, 2, 2, 5, 2, 7, 3, 3, 5, 5, 8, 8], [9, 5, 1, 8, 1, 8, 5, 7, 3, 9, 4, 8, 5, 5, 5, 7, 7, 5, 5, 5, 8, 4, 9, 3, 7, 5, 8, 1, 8, 1], [9, 9, 5, 1, 8, 1, 5, 5, 3, 3, 9, 4, 5, 5, 2, 5, 5, 2, 5, 5, 4, 9, 3, 3, 5, 5, 1, 8, 1, 5], [2, 2, 9, 5, 9, 5, 1, 8, 5, 7, 3, 9, 5, 5, 5, 5, 5, 5, 5, 5, 9, 3, 7, 5, 8, 1, 5, 9, 5, 9], [4, 2, 9, 9, 1, 9, 8, 1, 5, 5, 3, 3, 8, 5, 5, 5, 5, 5, 5, 8, 3, 3, 5, 5, 1, 8, 9, 1, 9, 9], [2, 8, 9, 8, 9, 5, 1, 8, 8, 8, 3, 9, 3, 9, 4, 8, 8, 4, 9, 3, 9, 3, 8, 8, 8, 1, 5, 9, 8, 9], [8, 2, 4, 9, 9, 9, 5, 1, 8, 8, 3, 3, 3, 3, 9, 4, 4, 9, 3, 3, 3, 3, 8, 8, 1, 5, 9, 9, 9, 4]].

Example 4
If input grids are like that
[[2, 9, 2, 8, 9, 2, 5, 5, 7, 7, 3, 9, 8, 8, 4, 4, 4, 4, 8, 6, 6, 6, 6, 6, 6, 6, 2, 9, 8, 2], [9, 4, 8, 8, 2, 1, 5, 5, 7, 1, 9, 1, 8, 4, 4, 4, 4, 4, 4, 6, 6, 6, 6, 6, 6, 6, 1, 2, 8, 8], [2, 8, 4, 2, 5, 5, 9, 8, 3, 9, 9, 4, 4, 4, 3, 1, 1, 3, 4, 6, 6, 6, 6, 6, 6, 6, 5, 5, 2, 4], [8, 8, 2, 1, 5, 5, 8, 9, 9, 1, 4, 4, 4, 4, 1, 1, 1, 1, 4, 6, 6, 6, 6, 6, 6, 6, 5, 5, 1, 2], [9, 2, 5, 5, 8, 9, 8, 3, 8, 8, 4, 4, 7, 1, 1, 8, 8, 1, 1, 7, 4, 4, 8, 8, 3, 8, 9, 8, 5, 5], [2, 1, 5, 5, 9, 2, 3, 8, 8, 4, 4, 4, 1, 3, 8, 5, 5, 8, 3, 1, 4, 4, 4, 8, 8, 3, 2, 9, 5, 5], [5, 5, 9, 8, 8, 3, 5, 8, 4, 4, 3, 1, 1, 8, 3, 3, 3, 3, 8, 1, 1, 3, 4, 4, 8, 5, 3, 8, 8, 9], [5, 5, 8, 6, 6, 6, 6, 6, 4, 4, 1, 1, 8, 5, 3, 3, 3, 3, 5, 8, 1, 1, 4, 4, 7, 8, 8, 3, 9, 8], [7, 7, 3, 6, 6, 6, 6, 6, 2, 2, 8, 9, 8, 8, 7, 7, 7, 7, 8, 8, 9, 8, 2, 2, 4, 4, 8, 8, 9, 3], [7, 1, 9, 1, 8, 4, 4, 4, 2, 9, 9, 5, 8, 8, 7, 7, 7, 7, 8, 8, 5, 9, 9, 2, 4, 4, 4, 8, 1, 9], [3, 9, 9, 4, 4, 4, 3, 1, 8, 9, 4, 4, 7, 7, 2, 2, 2, 2, 7, 7, 4, 4, 9, 8, 1, 3, 4, 4, 4, 9], [9, 1, 4, 4, 4, 4, 1, 1, 9, 5, 4, 3, 7, 7, 2, 2, 2, 2, 7, 7, 3, 4, 5, 9, 1, 1, 4, 4, 4, 4], [8, 8, 4, 4, 7, 1, 1, 8, 8, 8, 7, 7, 1, 8, 1, 3, 3, 1, 8, 1, 7, 7, 8, 8, 8, 1, 1, 7, 4, 4], [6, 6, 6, 6, 6, 6, 6, 5, 8, 8, 7, 7, 8, 8, 3, 3, 3, 3, 8, 8, 7, 7, 8, 8, 5, 8, 3, 1, 4, 4], [6, 6, 6, 6, 6, 6, 6, 3, 7, 7, 2, 2, 1, 3, 5, 3, 3, 5, 3, 1, 2, 2, 7, 7, 3, 3, 8, 1, 1, 3], [6, 6, 6, 6, 6, 6, 6, 3, 7, 7, 2, 2, 3, 3, 3, 3, 3, 3, 3, 3, 2, 2, 7, 7, 3, 3, 5, 8, 1, 1], [6, 6, 6, 6, 6, 6, 6, 3, 7, 7, 2, 2, 3, 3, 3, 3, 3, 3, 3, 3, 2, 2, 7, 7, 3, 3, 5, 8, 1, 1], [6, 6, 6, 6, 6, 6, 6, 3, 7, 7, 2, 2, 1, 3, 5, 3, 3, 5, 3, 1, 2, 2, 7, 7, 3, 3, 8, 1, 1, 3], [6, 6, 6, 6, 6, 6, 6, 5, 8, 8, 7, 7, 8, 8, 3, 3, 3, 3, 8, 8, 7, 7, 8, 8, 5, 8, 3, 1, 4, 4], [8, 8, 4, 4, 7, 1, 1, 8, 8, 8, 7, 7, 1, 8, 1, 3, 3, 1, 8, 1, 7, 7, 8, 8, 8, 1, 1, 7, 4, 4], [9, 1, 4, 4, 6, 6, 6, 6, 6, 5, 4, 3, 7, 7, 2, 2, 2, 2, 7, 7, 3, 4, 5, 9, 1, 1, 4, 4, 4, 4], [3, 9, 9, 4, 6, 6, 6, 6, 6, 9, 4, 4, 7, 7, 2, 2, 2, 2, 7, 7, 4, 4, 9, 8, 1, 3, 4, 4, 4, 9], [7, 1, 9, 1, 6, 6, 6, 6, 6, 9, 9, 5, 8, 8, 7, 7, 7, 7, 8, 8, 5, 9, 9, 2, 4, 4, 4, 8, 1, 9], [7, 7, 3, 9, 6, 6, 6, 6, 6, 2, 8, 9, 8, 8, 7, 7, 7, 7, 8, 8, 9, 8, 2, 2, 4, 4, 8, 8, 9, 3], [5, 5, 8, 9, 6, 6, 6, 6, 6, 4, 1, 1, 8, 5, 3, 3, 3, 3, 5, 8, 1, 1, 4, 4, 7, 8, 8, 3, 9, 8], [5, 5, 9, 8, 6, 6, 6, 6, 6, 4, 3, 1, 1, 8, 3, 3, 3, 3, 8, 1, 1, 3, 4, 4, 8, 5, 3, 8, 8, 9], [2, 1, 5, 5, 6, 6, 6, 6, 6, 4, 4, 4, 1, 3, 8, 5, 5, 8, 3, 1, 4, 4, 4, 8, 8, 3, 2, 9, 5, 5], [9, 2, 5, 5, 8, 9, 8, 3, 8, 8, 4, 4, 7, 1, 1, 8, 8, 1, 1, 7, 4, 4, 8, 8, 3, 8, 9, 8, 5, 5], [8, 8, 2, 1, 5, 5, 8, 9, 9, 1, 4, 4, 4, 4, 1, 1, 1, 1, 4, 4, 4, 4, 1, 9, 9, 8, 5, 5, 1, 2], [2, 8, 4, 2, 5, 5, 9, 8, 3, 9, 9, 4, 4, 4, 3, 1, 1, 3, 4, 4, 4, 9, 9, 3, 8, 9, 5, 5, 2, 4]],
then this grids change to output grids below
[[2, 9, 2, 8, 9, 2, 5, 5, 7, 7, 3, 9, 8, 8, 4, 4, 4, 4, 8, 8, 9, 3, 7, 7, 5, 5, 2, 9, 8, 2], [9, 4, 8, 8, 2, 1, 5, 5, 7, 1, 9, 1, 8, 4, 4, 4, 4, 4, 4, 8, 1, 9, 1, 7, 5, 5, 1, 2, 8, 8], [2, 8, 4, 2, 5, 5, 9, 8, 3, 9, 9, 4, 4, 4, 3, 1, 1, 3, 4, 4, 4, 9, 9, 3, 8, 9, 5, 5, 2, 4], [8, 8, 2, 1, 5, 5, 8, 9, 9, 1, 4, 4, 4, 4, 1, 1, 1, 1, 4, 4, 4, 4, 1, 9, 9, 8, 5, 5, 1, 2], [9, 2, 5, 5, 8, 9, 8, 3, 8, 8, 4, 4, 7, 1, 1, 8, 8, 1, 1, 7, 4, 4, 8, 8, 3, 8, 9, 8, 5, 5], [2, 1, 5, 5, 9, 2, 3, 8, 8, 4, 4, 4, 1, 3, 8, 5, 5, 8, 3, 1, 4, 4, 4, 8, 8, 3, 2, 9, 5, 5], [5, 5, 9, 8, 8, 3, 5, 8, 4, 4, 3, 1, 1, 8, 3, 3, 3, 3, 8, 1, 1, 3, 4, 4, 8, 5, 3, 8, 8, 9], [5, 5, 8, 9, 3, 8, 8, 7, 4, 4, 1, 1, 8, 5, 3, 3, 3, 3, 5, 8, 1, 1, 4, 4, 7, 8, 8, 3, 9, 8], [7, 7, 3, 9, 8, 8, 4, 4, 2, 2, 8, 9, 8, 8, 7, 7, 7, 7, 8, 8, 9, 8, 2, 2, 4, 4, 8, 8, 9, 3], [7, 1, 9, 1, 8, 4, 4, 4, 2, 9, 9, 5, 8, 8, 7, 7, 7, 7, 8, 8, 5, 9, 9, 2, 4, 4, 4, 8, 1, 9], [3, 9, 9, 4, 4, 4, 3, 1, 8, 9, 4, 4, 7, 7, 2, 2, 2, 2, 7, 7, 4, 4, 9, 8, 1, 3, 4, 4, 4, 9], [9, 1, 4, 4, 4, 4, 1, 1, 9, 5, 4, 3, 7, 7, 2, 2, 2, 2, 7, 7, 3, 4, 5, 9, 1, 1, 4, 4, 4, 4], [8, 8, 4, 4, 7, 1, 1, 8, 8, 8, 7, 7, 1, 8, 1, 3, 3, 1, 8, 1, 7, 7, 8, 8, 8, 1, 1, 7, 4, 4], [8, 4, 4, 4, 1, 3, 8, 5, 8, 8, 7, 7, 8, 8, 3, 3, 3, 3, 8, 8, 7, 7, 8, 8, 5, 8, 3, 1, 4, 4], [4, 4, 3, 1, 1, 8, 3, 3, 7, 7, 2, 2, 1, 3, 5, 3, 3, 5, 3, 1, 2, 2, 7, 7, 3, 3, 8, 1, 1, 3], [4, 4, 1, 1, 8, 5, 3, 3, 7, 7, 2, 2, 3, 3, 3, 3, 3, 3, 3, 3, 2, 2, 7, 7, 3, 3, 5, 8, 1, 1], [4, 4, 1, 1, 8, 5, 3, 3, 7, 7, 2, 2, 3, 3, 3, 3, 3, 3, 3, 3, 2, 2, 7, 7, 3, 3, 5, 8, 1, 1], [4, 4, 3, 1, 1, 8, 3, 3, 7, 7, 2, 2, 1, 3, 5, 3, 3, 5, 3, 1, 2, 2, 7, 7, 3, 3, 8, 1, 1, 3], [8, 4, 4, 4, 1, 3, 8, 5, 8, 8, 7, 7, 8, 8, 3, 3, 3, 3, 8, 8, 7, 7, 8, 8, 5, 8, 3, 1, 4, 4], [8, 8, 4, 4, 7, 1, 1, 8, 8, 8, 7, 7, 1, 8, 1, 3, 3, 1, 8, 1, 7, 7, 8, 8, 8, 1, 1, 7, 4, 4], [9, 1, 4, 4, 4, 4, 1, 1, 9, 5, 4, 3, 7, 7, 2, 2, 2, 2, 7, 7, 3, 4, 5, 9, 1, 1, 4, 4, 4, 4], [3, 9, 9, 4, 4, 4, 3, 1, 8, 9, 4, 4, 7, 7, 2, 2, 2, 2, 7, 7, 4, 4, 9, 8, 1, 3, 4, 4, 4, 9], [7, 1, 9, 1, 8, 4, 4, 4, 2, 9, 9, 5, 8, 8, 7, 7, 7, 7, 8, 8, 5, 9, 9, 2, 4, 4, 4, 8, 1, 9], [7, 7, 3, 9, 8, 8, 4, 4, 2, 2, 8, 9, 8, 8, 7, 7, 7, 7, 8, 8, 9, 8, 2, 2, 4, 4, 8, 8, 9, 3], [5, 5, 8, 9, 3, 8, 8, 7, 4, 4, 1, 1, 8, 5, 3, 3, 3, 3, 5, 8, 1, 1, 4, 4, 7, 8, 8, 3, 9, 8], [5, 5, 9, 8, 8, 3, 5, 8, 4, 4, 3, 1, 1, 8, 3, 3, 3, 3, 8, 1, 1, 3, 4, 4, 8, 5, 3, 8, 8, 9], [2, 1, 5, 5, 9, 2, 3, 8, 8, 4, 4, 4, 1, 3, 8, 5, 5, 8, 3, 1, 4, 4, 4, 8, 8, 3, 2, 9, 5, 5], [9, 2, 5, 5, 8, 9, 8, 3, 8, 8, 4, 4, 7, 1, 1, 8, 8, 1, 1, 7, 4, 4, 8, 8, 3, 8, 9, 8, 5, 5], [8, 8, 2, 1, 5, 5, 8, 9, 9, 1, 4, 4, 4, 4, 1, 1, 1, 1, 4, 4, 4, 4, 1, 9, 9, 8, 5, 5, 1, 2], [2, 8, 4, 2, 5, 5, 9, 8, 3, 9, 9, 4, 4, 4, 3, 1, 1, 3, 4, 4, 4, 9, 9, 3, 8, 9, 5, 5, 2, 4]].

Quiz
If input grids are like that
[[5, 4, 4, 8, 1, 1, 5, 5, 8, 6, 6, 6, 6, 6, 6, 6, 6, 8, 3, 8, 3, 1, 5, 8, 5, 5, 1, 1, 8, 4], [4, 8, 8, 8, 1, 1, 5, 8, 5, 6, 6, 6, 6, 6, 6, 6, 6, 8, 8, 3, 7, 3, 1, 5, 8, 5, 1, 1, 8, 8], [4, 8, 5, 2, 5, 5, 2, 2, 1, 6, 6, 6, 6, 6, 6, 6, 6, 3, 8, 8, 1, 2, 3, 1, 2, 2, 5, 5, 2, 5], [8, 8, 2, 5, 5, 8, 2, 3, 3, 6, 6, 6, 6, 6, 6, 6, 6, 8, 2, 8, 8, 1, 7, 3, 3, 2, 8, 5, 5, 2], [1, 1, 5, 5, 1, 2, 4, 3, 8, 6, 6, 6, 6, 6, 6, 6, 6, 9, 2, 7, 8, 8, 3, 8, 3, 4, 2, 1, 5, 5], [1, 1, 5, 8, 2, 2, 3, 4, 3, 6, 6, 6, 6, 6, 6, 6, 6, 5, 7, 2, 2, 8, 8, 3, 4, 3, 2, 2, 8, 5], [5, 5, 2, 2, 4, 3, 7, 7, 8, 8, 3, 8, 9, 5, 4, 3, 3, 4, 5, 9, 8, 3, 8, 8, 7, 7, 3, 4, 2, 2], [5, 8, 2, 3, 3, 4, 7, 7, 8, 2, 8, 8, 5, 9, 3, 3, 3, 3, 9, 5, 8, 8, 2, 6, 6, 6, 6, 6, 3, 2], [8, 5, 1, 3, 8, 3, 8, 8, 2, 1, 5, 7, 4, 5, 2, 2, 2, 2, 5, 4, 7, 5, 1, 6, 6, 6, 6, 6, 3, 1], [5, 1, 3, 7, 3, 8, 8, 2, 1, 5, 7, 1, 5, 5, 2, 9, 9, 2, 5, 5, 1, 7, 5, 6, 6, 6, 6, 6, 7, 3], [1, 3, 2, 1, 8, 8, 3, 8, 5, 7, 9, 9, 2, 2, 5, 5, 5, 5, 2, 2, 9, 9, 7, 6, 6, 6, 6, 6, 1, 2], [3, 7, 1, 8, 8, 2, 8, 8, 7, 1, 9, 4, 2, 9, 5, 5, 5, 5, 9, 2, 4, 9, 1, 6, 6, 6, 6, 6, 8, 1], [8, 3, 8, 8, 7, 2, 9, 5, 4, 5, 2, 2, 4, 3, 5, 7, 7, 5, 3, 4, 2, 2, 5, 6, 6, 6, 6, 6, 8, 8], [3, 8, 8, 2, 2, 7, 5, 9, 5, 5, 2, 9, 3, 1, 7, 3, 3, 7, 1, 3, 9, 2, 5, 6, 6, 6, 6, 6, 2, 8], [8, 8, 3, 8, 9, 5, 4, 3, 2, 2, 5, 5, 5, 7, 1, 7, 7, 1, 7, 5, 5, 5, 2, 6, 6, 6, 6, 9, 8, 3], [8, 2, 8, 8, 5, 6, 6, 6, 6, 6, 6, 6, 7, 3, 7, 1, 1, 7, 3, 7, 5, 5, 9, 6, 6, 6, 6, 5, 8, 8], [8, 2, 8, 8, 5, 6, 6, 6, 6, 6, 6, 6, 7, 3, 7, 1, 1, 7, 3, 7, 5, 5, 9, 6, 6, 6, 6, 5, 8, 8], [8, 8, 3, 8, 9, 6, 6, 6, 6, 6, 6, 6, 5, 7, 1, 7, 7, 1, 7, 5, 5, 5, 2, 6, 6, 6, 6, 9, 8, 3], [3, 8, 8, 2, 2, 6, 6, 6, 6, 6, 6, 6, 3, 1, 7, 3, 3, 7, 1, 3, 9, 2, 5, 5, 9, 5, 7, 2, 2, 8], [8, 3, 8, 8, 7, 6, 6, 6, 6, 6, 6, 6, 4, 3, 5, 7, 7, 5, 3, 6, 6, 6, 6, 4, 5, 9, 2, 7, 8, 8], [3, 7, 1, 8, 8, 2, 8, 8, 7, 1, 9, 4, 2, 9, 5, 5, 5, 5, 9, 6, 6, 6, 6, 7, 8, 8, 2, 8, 8, 1], [1, 3, 2, 1, 8, 8, 3, 8, 5, 7, 9, 9, 2, 2, 5, 5, 5, 5, 2, 2, 9, 9, 7, 5, 8, 3, 8, 8, 1, 2], [5, 1, 3, 7, 3, 8, 8, 2, 1, 5, 7, 1, 5, 5, 2, 9, 9, 2, 5, 5, 1, 7, 5, 1, 2, 8, 8, 3, 7, 3], [8, 5, 1, 3, 8, 3, 8, 8, 2, 1, 5, 7, 4, 5, 2, 2, 2, 2, 5, 4, 7, 5, 1, 2, 8, 8, 3, 8, 3, 1], [5, 8, 2, 3, 3, 4, 7, 7, 8, 2, 8, 8, 5, 9, 3, 3, 3, 3, 9, 5, 8, 8, 2, 8, 7, 7, 4, 3, 3, 2], [5, 5, 2, 2, 4, 3, 7, 7, 8, 8, 3, 8, 9, 5, 4, 3, 3, 4, 5, 9, 8, 3, 8, 8, 7, 7, 3, 4, 2, 2], [1, 1, 5, 8, 2, 2, 3, 4, 3, 8, 8, 2, 2, 7, 5, 9, 9, 5, 7, 2, 2, 8, 8, 3, 4, 3, 2, 2, 8, 5], [1, 1, 5, 5, 1, 2, 4, 3, 8, 3, 8, 8, 7, 2, 9, 5, 5, 9, 2, 7, 8, 8, 3, 8, 3, 4, 2, 1, 5, 5], [8, 8, 2, 5, 5, 8, 2, 3, 3, 7, 1, 8, 8, 2, 8, 8, 8, 8, 2, 8, 8, 1, 7, 3, 3, 2, 8, 5, 5, 2], [4, 8, 5, 2, 5, 5, 2, 2, 1, 3, 2, 1, 8, 8, 3, 8, 8, 3, 8, 8, 1, 2, 3, 1, 2, 2, 5, 5, 2, 5]],
then output grids?

=========
Q1: Identify the cells in the input grid that are surrounded by 6s.
A1: The ARC problem is a type of problem in the Abstraction and Reasoning Corpus (ARC), a dataset introduced by Fran√ßois Chollet, the creator of the Keras deep learning library. The ARC problem involves identifying patterns in a given input grid and applying these patterns to transform the grid into an output grid.

In the given problem, the pattern seems to involve identifying cells in the input grid that are surrounded by 6s. However, the problem statement does not provide enough information to determine how to identify these cells or what to do with them once they are identified. 

In the examples provided, it appears that the transformation involves shifting the values in the grid to the right. However, without more information or examples, it is difficult to determine the exact pattern or rule that should be applied. 

In the context of the ARC, these problems are typically solved using machine learning algorithms that can learn to identify and apply these patterns based on a set of training examples. However, without more information or examples, it is difficult to provide a specific solution to this problem.


Q2: Change the color of the cells identified in Q1 to 6.
A2: A2: The problem statement does not provide a clear method for identifying which cells are surrounded by 6s. However, if we assume that a cell is considered ""surrounded"" if it has a 6 in any of the four cardinal directions (up, down, left, or right), then we could use the following approach:

1. Iterate over each cell in the grid.
2. For each cell, check the value of the cells in the up, down, left, and right directions. If any of these cells contain a 6, change the value of the current cell to 6.

This approach would result in all cells that are adjacent to a 6 being changed to a 6. However, without more information or examples, it is difficult to determine if this is the correct approach for this problem.


Q3: Identify the cells in the input grid that are surrounded by 8s.
A3: A3: Similar to the previous question, the problem statement does not provide a clear method for identifying which cells are surrounded by 8s. However, if we assume that a cell is considered ""surrounded"" if it has an 8 in any of the four cardinal directions (up, down, left, or right), then we could use the following approach:

1. Iterate over each cell in the grid.
2. For each cell, check the value of the cells in the up, down, left, and right directions. If any of these cells contain an 8, mark the current cell as surrounded by 8s.

This approach would result in all cells that are adjacent to an 8 being marked as surrounded by 8s. However, without more information or examples, it is difficult to determine if this is the correct approach for this problem.


Q4: Change the color of the cells identified in Q3 to 8.
A4: A4: Similar to the previous answers, if we assume that a cell is considered ""surrounded"" if it has an 8 in any of the four cardinal directions (up, down, left, or right), then we could use the following approach:

1. Iterate over each cell in the grid.
2. For each cell, check the value of the cells in the up, down, left, and right directions. If any of these cells contain an 8, change the value of the current cell to 8.

This approach would result in all cells that are adjacent to an 8 being changed to an 8. However, without more information or examples, it is difficult to determine if this is the correct approach for this problem.


Q5: Identify the cells in the input grid that are surrounded by 9s.
A5: A5: Similar to the previous questions, the problem statement does not provide a clear method for identifying which cells are surrounded by 9s. However, if we assume that a cell is considered ""surrounded"" if it has a 9 in any of the four cardinal directions (up, down, left, or right), then we could use the following approach:

1. Iterate over each cell in the grid.
2. For each cell, check the value of the cells in the up, down, left, and right directions. If any of these cells contain a 9, mark the current cell as surrounded by 9s.

This approach would result in all cells that are adjacent to a 9 being marked as surrounded by 9s. However, without more information or examples, it is difficult to determine if this is the correct approach for this problem.


Q6: Change the color of the cells identified in Q5 to 9.
A6: A6: Similar to the previous answers, if we assume that a cell is considered ""surrounded"" if it has a 9 in any of the four cardinal directions (up, down, left, or right), then we could use the following approach:

1. Iterate over each cell in the grid.
2. For each cell, check the value of the cells in the up, down, left, and right directions. If any of these cells contain a 9, change the value of the current cell to 9.

This approach would result in all cells that are adjacent to a 9 being changed to a 9. However, without more information or examples, it is difficult to determine if this is the correct approach for this problem.

","A6: Similar to the previous answers, if we assume that a cell is considered ""surrounded"" if it has a 9 in any of the four cardinal directions (up, down, left, or right), then we could use the following approach:

1. Iterate over each cell in the grid.
2. For each cell, check the value of the cells in the up, down, left, and right directions. If any of these cells contain a 9, change the value of the current cell to 9.

This approach would result in all cells that are adjacent to a 9 being changed to a 9. However, without more information or examples, it is difficult to determine if this is the correct approach for this problem.",,,"[[5, 4, 4, 8, 1, 1, 5, 5, 8, 5, 1, 3, 8, 3, 8, 8, 8, 8, 3, 8, 3, 1, 5, 8, 5, 5, 1, 1, 8, 4], [4, 8, 8, 8, 1, 1, 5, 8, 5, 1, 3, 7, 3, 8, 8, 2, 2, 8, 8, 3, 7, 3, 1, 5, 8, 5, 1, 1, 8, 8], [4, 8, 5, 2, 5, 5, 2, 2, 1, 3, 2, 1, 8, 8, 3, 8, 8, 3, 8, 8, 1, 2, 3, 1, 2, 2, 5, 5, 2, 5], [8, 8, 2, 5, 5, 8, 2, 3, 3, 7, 1, 8, 8, 2, 8, 8, 8, 8, 2, 8, 8, 1, 7, 3, 3, 2, 8, 5, 5, 2], [1, 1, 5, 5, 1, 2, 4, 3, 8, 3, 8, 8, 7, 2, 9, 5, 5, 9, 2, 7, 8, 8, 3, 8, 3, 4, 2, 1, 5, 5], [1, 1, 5, 8, 2, 2, 3, 4, 3, 8, 8, 2, 2, 7, 5, 9, 9, 5, 7, 2, 2, 8, 8, 3, 4, 3, 2, 2, 8, 5], [5, 5, 2, 2, 4, 3, 7, 7, 8, 8, 3, 8, 9, 5, 4, 3, 3, 4, 5, 9, 8, 3, 8, 8, 7, 7, 3, 4, 2, 2], [5, 8, 2, 3, 3, 4, 7, 7, 8, 2, 8, 8, 5, 9, 3, 3, 3, 3, 9, 5, 8, 8, 2, 8, 7, 7, 4, 3, 3, 2], [8, 5, 1, 3, 8, 3, 8, 8, 2, 1, 5, 7, 4, 5, 2, 2, 2, 2, 5, 4, 7, 5, 1, 2, 8, 8, 3, 8, 3, 1], [5, 1, 3, 7, 3, 8, 8, 2, 1, 5, 7, 1, 5, 5, 2, 9, 9, 2, 5, 5, 1, 7, 5, 1, 2, 8, 8, 3, 7, 3], [1, 3, 2, 1, 8, 8, 3, 8, 5, 7, 9, 9, 2, 2, 5, 5, 5, 5, 2, 2, 9, 9, 7, 5, 8, 3, 8, 8, 1, 2], [3, 7, 1, 8, 8, 2, 8, 8, 7, 1, 9, 4, 2, 9, 5, 5, 5, 5, 9, 2, 4, 9, 1, 7, 8, 8, 2, 8, 8, 1], [8, 3, 8, 8, 7, 2, 9, 5, 4, 5, 2, 2, 4, 3, 5, 7, 7, 5, 3, 4, 2, 2, 5, 4, 5, 9, 2, 7, 8, 8], [3, 8, 8, 2, 2, 7, 5, 9, 5, 5, 2, 9, 3, 1, 7, 3, 3, 7, 1, 3, 9, 2, 5, 5, 9, 5, 7, 2, 2, 8], [8, 8, 3, 8, 9, 5, 4, 3, 2, 2, 5, 5, 5, 7, 1, 7, 7, 1, 7, 5, 5, 5, 2, 2, 3, 4, 5, 9, 8, 3], [8, 2, 8, 8, 5, 9, 3, 3, 2, 9, 5, 5, 7, 3, 7, 1, 1, 7, 3, 7, 5, 5, 9, 2, 3, 3, 9, 5, 8, 8], [8, 2, 8, 8, 5, 9, 3, 3, 2, 9, 5, 5, 7, 3, 7, 1, 1, 7, 3, 7, 5, 5, 9, 2, 3, 3, 9, 5, 8, 8], [8, 8, 3, 8, 9, 5, 4, 3, 2, 2, 5, 5, 5, 7, 1, 7, 7, 1, 7, 5, 5, 5, 2, 2, 3, 4, 5, 9, 8, 3], [3, 8, 8, 2, 2, 7, 5, 9, 5, 5, 2, 9, 3, 1, 7, 3, 3, 7, 1, 3, 9, 2, 5, 5, 9, 5, 7, 2, 2, 8], [8, 3, 8, 8, 7, 2, 9, 5, 4, 5, 2, 2, 4, 3, 5, 7, 7, 5, 3, 4, 2, 2, 5, 4, 5, 9, 2, 7, 8, 8], [3, 7, 1, 8, 8, 2, 8, 8, 7, 1, 9, 4, 2, 9, 5, 5, 5, 5, 9, 2, 4, 9, 1, 7, 8, 8, 2, 8, 8, 1], [1, 3, 2, 1, 8, 8, 3, 8, 5, 7, 9, 9, 2, 2, 5, 5, 5, 5, 2, 2, 9, 9, 7, 5, 8, 3, 8, 8, 1, 2], [5, 1, 3, 7, 3, 8, 8, 2, 1, 5, 7, 1, 5, 5, 2, 9, 9, 2, 5, 5, 1, 7, 5, 1, 2, 8, 8, 3, 7, 3], [8, 5, 1, 3, 8, 3, 8, 8, 2, 1, 5, 7, 4, 5, 2, 2, 2, 2, 5, 4, 7, 5, 1, 2, 8, 8, 3, 8, 3, 1], [5, 8, 2, 3, 3, 4, 7, 7, 8, 2, 8, 8, 5, 9, 3, 3, 3, 3, 9, 5, 8, 8, 2, 8, 7, 7, 4, 3, 3, 2], [5, 5, 2, 2, 4, 3, 7, 7, 8, 8, 3, 8, 9, 5, 4, 3, 3, 4, 5, 9, 8, 3, 8, 8, 7, 7, 3, 4, 2, 2], [1, 1, 5, 8, 2, 2, 3, 4, 3, 8, 8, 2, 2, 7, 5, 9, 9, 5, 7, 2, 2, 8, 8, 3, 4, 3, 2, 2, 8, 5], [1, 1, 5, 5, 1, 2, 4, 3, 8, 3, 8, 8, 7, 2, 9, 5, 5, 9, 2, 7, 8, 8, 3, 8, 3, 4, 2, 1, 5, 5], [8, 8, 2, 5, 5, 8, 2, 3, 3, 7, 1, 8, 8, 2, 8, 8, 8, 8, 2, 8, 8, 1, 7, 3, 3, 2, 8, 5, 5, 2], [4, 8, 5, 2, 5, 5, 2, 2, 1, 3, 2, 1, 8, 8, 3, 8, 8, 3, 8, 8, 1, 2, 3, 1, 2, 2, 5, 5, 2, 5]]"
