task_id,dsl,prediction
0,"obj_color(state, object1, 2)->obj_color(state, object2, 2)->obj_color(state, object3, 2)->obj_color(state, object4, 2)->obj_color(state, object5, 2)","[[0, 0, 2, 0, 0, 2, 2, 0, 2, 0, 2, 0, 2, 2, 2, 2, 0, 0, 2], [0, 2, 2, 0, 2, 2, 2, 2, 2, 0, 2, 2, 0, 2, 2, 0, 2, 2, 0], [2, 2, 2, 0, 2, 2, 2, 0, 2, 2, 0, 2, 2, 2, 2, 0, 2, 0, 2], [2, 2, 2, 0, 0, 0, 0, 2, 0, 0, 0, 2, 0, 2, 0, 0, 0, 2, 2], [2, 2, 2, 2, 2, 2, 0, 2, 0, 0, 2, 2, 0, 2, 2, 0, 2, 0, 0], [2, 2, 0, 2, 0, 0, 0, 2, 2, 0, 2, 2, 2, 0, 0, 2, 0, 2, 2], [0, 2, 2, 2, 2, 0, 2, 2, 2, 2, 2, 2, 2, 0, 2, 2, 0, 0, 0], [2, 0, 0, 2, 2, 2, 2, 0, 0, 0, 0, 2, 0, 2, 2, 0, 0, 2, 0], [0, 2, 0, 0, 0, 0, 0, 2, 0, 0, 2, 0, 0, 0, 2, 0, 2, 0, 2], [0, 0, 0, 0, 2, 0, 0, 2, 0, 0, 2, 0, 0, 2, 0, 0, 2, 2, 0], [0, 0, 0, 0, 2, 2, 0, 2, 0, 2, 0, 2, 0, 2, 0, 0, 0, 2, 0], [2, 2, 2, 2, 2, 2, 2, 2, 0, 0, 2, 0, 2, 2, 2, 0, 2, 0, 2], [2, 2, 2, 2, 0, 0, 0, 2, 2, 2, 0, 2, 2, 2, 0, 2, 2, 2, 2], [0, 0, 2, 2, 0, 0, 0, 0, 0, 2, 0, 2, 0, 2, 2, 2, 2, 2, 2], [5, 0, 2, 0, 0, 2, 0, 2, 2, 0, 0, 2, 2, 2, 2, 2, 0, 0, 2], [5, 5, 0, 2, 2, 0, 2, 2, 2, 0, 0, 2, 2, 2, 0, 2, 0, 2, 2], [5, 5, 5, 0, 2, 2, 2, 2, 0, 2, 2, 0, 2, 2, 0, 0, 2, 2, 0], [5, 5, 5, 5, 0, 0, 0, 2, 0, 0, 2, 0, 2, 0, 2, 0, 2, 0, 0], [0, 5, 0, 5, 5, 5, 0, 0, 2, 2, 2, 0, 0, 2, 2, 2, 2, 2, 2]]"
1,"obj_color(state, object2, 3)->obj_color(state, object1, 8)->obj_color(state, object5, 8)->obj_color(state, object3, 8)->obj_color(state, object4, 8)","[[0, 0, 0, 0, 0, 0, 0, 0, 0, 0, 0, 8, 8, 8, 8, 8, 0, 0, 0, 0], [0, 3, 3, 3, 3, 3, 3, 3, 3, 3, 0, 8, 0, 0, 0, 8, 0, 0, 0, 0], [0, 3, 0, 0, 0, 0, 0, 0, 0, 3, 0, 8, 0, 8, 0, 8, 0, 0, 0, 0], [0, 3, 0, 0, 0, 0, 0, 0, 0, 3, 0, 8, 0, 0, 0, 8, 0, 0, 0, 0], [0, 3, 0, 0, 0, 0, 0, 0, 0, 3, 0, 8, 8, 8, 8, 8, 0, 0, 0, 0], [0, 3, 0, 0, 0, 8, 0, 0, 0, 3, 0, 0, 0, 0, 0, 0, 0, 0, 0, 0], [0, 3, 0, 0, 0, 0, 0, 0, 0, 3, 0, 0, 0, 0, 0, 0, 0, 0, 0, 0], [0, 3, 0, 0, 0, 0, 0, 0, 0, 3, 0, 0, 0, 8, 8, 8, 8, 8, 0, 0], [0, 3, 0, 0, 0, 0, 0, 0, 0, 3, 0, 0, 0, 8, 0, 0, 0, 8, 0, 0], [0, 3, 3, 3, 3, 3, 3, 3, 3, 3, 0, 0, 0, 8, 0, 2, 0, 8, 0, 0], [0, 0, 0, 0, 0, 0, 0, 0, 0, 0, 0, 0, 0, 8, 0, 0, 0, 8, 0, 0], [0, 0, 0, 0, 0, 0, 0, 0, 0, 0, 0, 0, 0, 8, 8, 8, 8, 8, 0, 0], [0, 0, 0, 0, 0, 2, 2, 2, 2, 2, 2, 2, 0, 0, 0, 0, 0, 0, 0, 0], [0, 0, 0, 0, 0, 2, 0, 0, 0, 0, 0, 2, 0, 0, 0, 0, 0, 0, 0, 0], [0, 0, 0, 0, 0, 2, 0, 0, 0, 0, 0, 2, 0, 0, 0, 0, 0, 0, 0, 0], [0, 0, 0, 0, 0, 2, 0, 0, 2, 0, 0, 2, 0, 0, 0, 0, 0, 0, 0, 0], [0, 0, 0, 0, 0, 2, 0, 0, 0, 0, 0, 2, 0, 0, 0, 0, 0, 0, 0, 0], [0, 0, 0, 0, 0, 2, 0, 0, 0, 0, 0, 2, 0, 0, 0, 0, 0, 0, 0, 0], [0, 0, 0, 0, 0, 2, 2, 2, 2, 2, 2, 2, 0, 0, 0, 0, 0, 0, 0, 0], [0, 0, 0, 0, 0, 0, 0, 0, 0, 0, 0, 0, 0, 0, 0, 0, 0, 0, 0, 0]]"
2,"`obj_color(state, object1, 0)`->`horizontal_line(state, 6, 4, 6, 5, 2)`->`horizontal_line(state, 10, 4, 10, 5, 1)`->`vertical_line(state, 6, 4, 10, 4, 2)`->`horizontal_line(state, 7, 10, 7, 11, 6)`","[[0, 0, 0, 0, 0, 0, 0, 0, 0, 0, 0, 0, 0, 0, 0], [0, 0, 0, 0, 0, 0, 0, 0, 0, 0, 0, 0, 0, 0, 0], [0, 0, 0, 0, 0, 0, 0, 0, 0, 0, 0, 0, 0, 0, 0], [0, 0, 0, 0, 0, 0, 0, 0, 0, 0, 0, 0, 0, 0, 0], [0, 0, 0, 0, 0, 0, 0, 0, 0, 0, 0, 0, 0, 0, 0], [0, 0, 0, 0, 0, 0, 0, 0, 0, 0, 0, 0, 0, 0, 0], [0, 0, 0, 0, 0, 0, 0, 0, 0, 0, 0, 0, 0, 0, 0], [0, 0, 0, 0, 2, 0, 0, 0, 0, 0, 0, 0, 0, 0, 0], [0, 0, 0, 0, 2, 0, 0, 0, 0, 0, 0, 0, 0, 0, 0], [0, 0, 0, 0, 2, 0, 0, 0, 0, 0, 0, 0, 0, 0, 0], [0, 0, 0, 0, 0, 0, 0, 0, 0, 0, 0, 0, 0, 0, 0], [0, 0, 0, 0, 0, 0, 0, 0, 0, 0, 0, 0, 0, 0, 0], [0, 0, 0, 0, 0, 0, 0, 0, 0, 0, 0, 0, 0, 0, 0], [0, 0, 0, 0, 0, 0, 0, 0, 0, 0, 0, 0, 0, 0, 0]]"
3,"diagonal_line(state, 0, 2, 10, 8, 2)->diagonal_line(state, 10, 8, 0, 2, 2)->`diagonal_line(state, 2, 9, 9, 2, 2)`->`diagonal_line(state, 3, 8, 9, 2, 2)`->diagonal_line(state, 3, 9, 9, 3, 2)","[[4, 4, 4, 4, 4, 4, 4, 4, 4, 4, 4, 4, 4, 4, 4], [4, 4, 4, 4, 4, 4, 4, 4, 1, 1, 1, 1, 4, 4, 4], [4, 1, 4, 1, 1, 4, 4, 4, 1, 4, 4, 4, 4, 4, 4], [4, 1, 4, 4, 1, 4, 4, 4, 2, 4, 4, 1, 4, 4, 4], [4, 1, 4, 4, 1, 4, 4, 2, 2, 1, 1, 1, 4, 4, 4], [4, 1, 1, 1, 1, 4, 2, 2, 4, 4, 4, 4, 4, 4, 4], [4, 4, 4, 4, 4, 2, 2, 1, 1, 1, 1, 4, 4, 4, 4], [4, 4, 4, 4, 2, 2, 4, 1, 4, 4, 1, 4, 4, 4, 4], [4, 4, 4, 2, 2, 4, 4, 1, 4, 4, 1, 4, 4, 4, 4], [4, 4, 4, 4, 4, 4, 4, 1, 4, 1, 1, 4, 4, 4, 4], [4, 4, 4, 4, 4, 4, 4, 4, 4, 4, 4, 4, 4, 4, 4]]"
4,"vertical_line(state, 0, 3, 14, 3, 8)->`vertical_line(state, 0, 10, 14, 10, 4)`->`horizontal_line(state, 2, 0, 2, 14, 8)`->`vertical_line(state, 0, 6, 14, 6, 1)`->`horizontal_line(state, 6, 0, 6, 14, 4)`","[[0, 0, 0, 0, 0, 0, 0, 0, 0, 0, 0, 0, 0, 0, 0], [0, 0, 0, 8, 0, 0, 1, 0, 0, 0, 4, 0, 0, 0, 0], [0, 8, 8, 8, 8, 8, 1, 8, 8, 8, 8, 8, 8, 8, 0], [0, 0, 0, 8, 0, 0, 1, 0, 0, 0, 4, 0, 0, 0, 0], [0, 0, 0, 8, 0, 0, 1, 0, 0, 0, 4, 0, 0, 0, 0], [0, 0, 0, 8, 0, 0, 1, 0, 0, 0, 4, 0, 0, 0, 0], [0, 4, 4, 4, 4, 4, 4, 4, 4, 4, 4, 4, 4, 4, 0], [0, 0, 0, 8, 0, 0, 1, 0, 0, 0, 4, 0, 0, 0, 0], [0, 0, 0, 8, 0, 0, 1, 0, 0, 0, 4, 0, 0, 0, 0], [0, 0, 0, 8, 0, 0, 1, 0, 0, 0, 4, 0, 0, 0, 0], [0, 0, 0, 8, 0, 0, 1, 0, 0, 0, 4, 0, 0, 0, 0], [0, 0, 0, 8, 0, 0, 1, 0, 0, 0, 4, 0, 0, 0, 0], [0, 0, 0, 8, 0, 0, 1, 0, 0, 0, 4, 0, 0, 0, 0], [0, 0, 0, 8, 0, 0, 1, 0, 0, 0, 4, 0, 0, 0, 0], [0, 0, 0, 0, 0, 0, 0, 0, 0, 0, 0, 0, 0, 0, 0]]"
5,"`obj_color(state, object1, 3)`->`obj_color(state, object3, 4)`->`obj_color(state, object2, 2)`->`obj_color(state, object4, 2)`->`obj_color(state, object5, 2)`","[[0, 0, 0, 0, 0, 0, 0, 0, 0, 0, 0, 0, 0, 0, 0, 0, 0, 0, 0, 0, 0, 0, 0, 0, 0, 0], [0, 0, 0, 0, 0, 0, 0, 0, 0, 0, 0, 0, 0, 0, 0, 0, 0, 0, 0, 0, 0, 0, 0, 0, 0, 0], [0, 0, 0, 0, 0, 0, 0, 0, 0, 0, 0, 0, 0, 0, 0, 0, 0, 0, 0, 0, 0, 0, 0, 0, 0, 0], [0, 0, 3, 3, 3, 3, 0, 0, 0, 0, 0, 0, 0, 0, 0, 0, 0, 0, 0, 0, 0, 0, 0, 0, 0, 0], [0, 0, 3, 3, 3, 3, 0, 0, 0, 0, 0, 0, 0, 0, 0, 0, 0, 0, 0, 0, 0, 0, 0, 0, 0, 0], [0, 0, 3, 3, 3, 3, 0, 0, 0, 0, 0, 0, 0, 0, 0, 0, 0, 0, 0, 0, 0, 0, 0, 0, 0, 0], [0, 0, 3, 3, 3, 3, 0, 0, 0, 0, 0, 0, 0, 0, 0, 0, 0, 0, 0, 0, 0, 0, 2, 0, 0, 0], [0, 0, 0, 0, 0, 0, 4, 4, 4, 4, 4, 4, 4, 4, 0, 0, 0, 0, 0, 0, 0, 0, 2, 2, 0, 0], [0, 0, 0, 0, 0, 0, 4, 4, 4, 4, 4, 4, 4, 4, 0, 0, 0, 0, 0, 0, 0, 2, 0, 2, 0, 0], [0, 0, 0, 0, 0, 0, 4, 4, 4, 4, 4, 4, 4, 4, 0, 0, 0, 0, 0, 0, 0, 0, 0, 0, 0, 0], [0, 0, 0, 0, 0, 0, 4, 4, 4, 4, 4, 4, 4, 4, 0, 0, 0, 0, 0, 0, 0, 0, 0, 0, 0, 0], [0, 0, 4, 4, 4, 4, 4, 4, 4, 4, 0, 0, 0, 0, 0, 0, 0, 0, 0, 0, 0, 0, 0, 0, 0, 0], [0, 0, 4, 4, 4, 4, 4, 4, 4, 4, 0, 0, 0, 0, 0, 0, 0, 0, 0, 0, 0, 0, 0, 0, 0, 0], [0, 0, 4, 4, 4, 4, 4, 4, 4, 4, 0, 0, 0, 0, 0, 0, 0, 0, 0, 0, 0, 0, 0, 0, 0, 0], [0, 0, 4, 4, 4, 4, 4, 4, 4, 4, 0, 0, 0, 0, 0, 0, 0, 0, 0, 0, 0, 0, 0, 0, 0, 0], [0, 0, 0, 0, 0, 0, 0, 0, 0, 0, 0, 0, 0, 0, 0, 0, 0, 0, 0, 0, 0, 0, 0, 0, 0, 0]]"
6,"obj_color(state, object1, 3)->obj_color(state, object10, 3)->obj_color(state, object2, 3)->`obj_color(state, object5, 4)`->`obj_color(state, object4, 8)`","[[0, 0, 0, 0, 0, 0, 3, 3, 0, 0, 0, 0, 0, 0, 0, 0], [0, 3, 3, 3, 0, 0, 3, 3, 0, 0, 0, 0, 0, 0, 0, 0], [0, 3, 3, 3, 0, 0, 0, 0, 0, 0, 3, 3, 0, 0, 8, 8], [0, 3, 3, 3, 0, 0, 0, 0, 0, 0, 3, 3, 0, 0, 8, 8], [0, 0, 0, 0, 0, 0, 0, 0, 0, 0, 0, 0, 0, 0, 0, 0], [0, 0, 0, 0, 4, 4, 4, 0, 0, 0, 0, 0, 0, 0, 0, 0], [0, 0, 0, 0, 4, 4, 4, 0, 0, 4, 4, 0, 0, 0, 0, 0], [0, 0, 0, 0, 4, 4, 4, 0, 0, 4, 4, 0, 0, 0, 3, 3], [0, 0, 0, 0, 0, 0, 0, 0, 0, 0, 0, 0, 0, 0, 3, 3], [0, 0, 0, 0, 0, 4, 4, 4, 0, 0, 0, 0, 0, 0, 0, 0], [0, 0, 0, 0, 0, 4, 4, 4, 0, 0, 0, 0, 0, 0, 0, 0], [0, 3, 3, 0, 0, 4, 4, 4, 0, 3, 3, 3, 3, 0, 0, 0], [0, 3, 3, 0, 0, 0, 0, 0, 0, 3, 3, 3, 3, 0, 0, 0], [0, 0, 0, 0, 4, 4, 0, 0, 0, 3, 3, 3, 3, 0, 0, 0], [0, 0, 0, 0, 4, 4, 0, 0, 0, 3, 3, 3, 3, 0, 0, 0], [0, 0, 0, 0, 0, 0, 0, 0, 0, 0, 0, 0, 0, 0, 0, 0]]"
7,"obj_color(state, object2, 3)->obj_color(state, object6, 3)->`obj_color(state, object1, 3)`->`obj_color(state, object3, 3)`->`obj_color(state, object4, 3)`","[[0, 0, 3, 0, 0, 0, 3, 0, 0, 0, 3, 0, 0], [0, 3, 3, 3, 0, 3, 3, 3, 0, 3, 3, 3, 0], [3, 3, 3, 3, 3, 3, 3, 3, 3, 3, 3, 3, 3], [3, 3, 3, 3, 3, 3, 3, 3, 3, 3, 3, 3, 3], [0, 0, 3, 0, 0, 0, 3, 0, 0, 0, 3, 0, 0], [0, 3, 3, 3, 0, 3, 3, 3, 0, 3, 3, 3, 0], [3, 3, 3, 3, 3, 3, 3, 3, 3, 3, 3, 3, 3], [3, 3, 3, 3, 3, 3, 3, 3, 3, 3, 3, 3, 3], [0, 0, 3, 0, 0, 0, 3, 0, 0, 0, 3, 0, 0], [0, 3, 3, 3, 0, 3, 3, 3, 0, 3, 3, 3, 0], [3, 3, 3, 3, 3, 3, 3, 3, 3, 3, 3, 3, 3], [5, 5, 5, 5, 5, 5, 5, 5, 5, 5, 5, 5, 5], [0, 0, 3, 0, 0, 0, 2, 0, 0, 0, 2, 0, 0], [0, 3, 3, 3, 0, 2, 2, 2, 0, 2, 2, 2, 0], [3, 3, 3, 3, 3, 2, 2, 2, 2, 2, 2, 2, 2]]"
8,"`move_right(state, object4)`->`move_left(state, object5)`->`move_left(state, object14)`->`move_right(state, object14)`->`move_right(state, object9)`","[[0, 0, 0, 0, 0, 0, 0, 0, 0, 0, 0, 0, 0], [0, 0, 2, 0, 0, 0, 0, 2, 0, 0, 0, 0, 2], [0, 0, 0, 0, 0, 0, 0, 0, 0, 0, 0, 0, 0], [0, 0, 0, 0, 0, 0, 0, 0, 0, 0, 0, 0, 0], [0, 0, 0, 0, 1, 1, 0, 0, 1, 1, 0, 0, 0], [0, 0, 0, 0, 1, 1, 0, 0, 1, 0, 0, 0, 0], [0, 0, 2, 0, 0, 0, 0, 2, 0, 0, 0, 0, 2], [0, 0, 0, 0, 0, 0, 0, 0, 0, 0, 0, 0, 1], [0, 0, 0, 0, 0, 0, 0, 0, 0, 0, 0, 1, 1], [0, 0, 0, 0, 1, 1, 0, 0, 0, 0, 0, 0, 0], [0, 0, 0, 0, 1, 1, 0, 0, 0, 0, 0, 0, 0], [0, 0, 2, 0, 0, 0, 0, 2, 0, 0, 0, 0, 2], [0, 0, 0, 0, 0, 0, 0, 0, 0, 1, 1, 0, 0], [0, 0, 0, 0, 1, 1, 0, 0, 0, 1, 0, 0, 0], [0, 0, 0, 0, 0, 1, 0, 0, 0, 0, 0, 0, 0], [0, 0, 0, 0, 0, 0, 0, 0, 0, 0, 0, 0, 0], [0, 0, 2, 0, 0, 0, 0, 2, 0, 0, 0, 0, 2]]"
9,"`move_up(state, object1)`->`move_up(state, object2)`->`move_up(state, object3)`->`move_up(state, object2)`->`move_up(state, object4)`","[[0, 0, 0, 0, 0, 0, 0, 0, 0, 0], [0, 0, 0, 0, 0, 0, 0, 0, 0, 0], [0, 0, 0, 0, 0, 0, 0, 0, 0, 0], [0, 0, 0, 0, 0, 0, 0, 0, 0, 0], [0, 0, 0, 0, 0, 0, 0, 0, 0, 0], [7, 0, 8, 8, 0, 0, 0, 0, 0, 0], [7, 0, 8, 8, 0, 6, 0, 0, 0, 0], [7, 0, 8, 8, 0, 6, 0, 3, 3, 0], [7, 0, 0, 0, 0, 6, 0, 3, 3, 0], [0, 0, 0, 0, 0, 0, 0, 0, 0, 0]]"
10,"obj_color(state, object2, 1)->obj_color(state, object3, 1)->obj_color(state, object1, 1)->obj_color(state, object4, 1)->obj_color(state, object5, 1)","[[1, 1, 0, 0, 0, 0, 1, 0, 1, 1, 0, 0, 1], [0, 1, 0, 0, 0, 0, 1, 1, 0, 0, 1, 0, 1], [1, 1, 1, 0, 0, 1, 1, 0, 1, 1, 1, 0, 1], [0, 0, 0, 0, 0, 0, 1, 1, 1, 1, 1, 0, 0], [0, 0, 1, 1, 1, 0, 1, 0, 1, 1, 0, 7, 7]]"
11,"`obj_color(state, object1, 4)`->`obj_color(state, object2, 8)`->`obj_color(state, object3, 6)`->`complete(state)`->`complete(state)`","[[0, 0, 0, 0, 0, 0, 0, 0, 0, 0, 0, 0, 0, 0, 0, 0, 0, 0, 0, 0, 0, 0, 0, 0, 0, 0, 0, 0, 0, 0], [0, 0, 0, 0, 0, 0, 0, 0, 4, 4, 4, 4, 4, 0, 0, 0, 0, 0, 0, 0, 0, 0, 0, 4, 4, 4, 4, 4, 4, 0], [0, 0, 4, 4, 4, 4, 0, 0, 4, 4, 4, 4, 4, 0, 0, 4, 4, 4, 4, 4, 4, 0, 0, 4, 4, 4, 4, 4, 4, 0], [0, 0, 4, 4, 4, 4, 4, 4, 4, 4, 4, 4, 4, 4, 4, 4, 4, 4, 4, 4, 4, 4, 4, 4, 4, 4, 4, 4, 4, 0], [0, 0, 4, 4, 4, 4, 0, 0, 4, 4, 4, 4, 4, 0, 0, 4, 4, 4, 4, 4, 4, 0, 0, 4, 4, 4, 4, 4, 4, 0], [0, 0, 4, 4, 4, 4, 0, 0, 4, 4, 4, 4, 4, 0, 0, 4, 4, 4, 4, 4, 4, 0, 0, 4, 4, 4, 4, 4, 4, 0], [0, 0, 0, 0, 0, 0, 0, 0, 4, 4, 4, 4, 4, 0, 0, 0, 0, 0, 4, 0, 0, 0, 0, 4, 4, 4, 4, 4, 4, 0], [0, 0, 0, 0, 0, 0, 0, 0, 0, 0, 4, 0, 0, 0, 0, 0, 4, 4, 4, 4, 0, 0, 0, 0, 0, 0, 4, 0, 0, 0], [0, 0, 0, 0, 4, 4, 4, 4, 0, 4, 4, 4, 0, 0, 0, 0, 4, 4, 4, 4, 0, 0, 0, 0, 4, 4, 4, 4, 0, 0], [0, 0, 0, 0, 4, 4, 4, 4, 4, 4, 4, 4, 0, 0, 0, 0, 4, 4, 4, 4, 0, 0, 0, 0, 4, 4, 4, 4, 0, 0], [0, 0, 0, 0, 4, 4, 4, 4, 0, 4, 4, 4, 0, 0, 0, 0, 0, 0, 0, 0, 0, 0, 0, 0, 4, 4, 4, 4, 0, 0], [0, 0, 0, 0, 0, 4, 0, 0, 0, 4, 4, 4, 0, 0, 0, 0, 0, 0, 0, 0, 0, 0, 0, 0, 4, 4, 4, 4, 0, 0], [0, 0, 0, 0, 4, 4, 4, 0, 0, 0, 0, 0, 0, 0, 0, 0, 0, 0, 0, 0, 0, 0, 0, 0, 0, 0, 0, 0, 0, 0], [0, 0, 0, 0, 4, 4, 4, 0, 0, 0, 0, 0, 0, 0, 0, 8, 8, 8, 8, 8, 0, 0, 0, 0, 0, 0, 0, 0, 0, 0], [0, 0, 0, 0, 4, 4, 4, 0, 0, 0, 0, 0, 0, 0, 0, 8, 8, 8, 8, 8, 0, 8, 8, 8, 8, 0, 0, 0, 0, 0], [0, 0, 0, 0, 0, 0, 0, 0, 0, 8, 8, 8, 0, 0, 0, 8, 8, 8, 8, 8, 8, 8, 8, 8, 8, 0, 0, 0, 0, 0], [0, 0, 0, 0, 0, 0, 0, 0, 0, 8, 8, 8, 0, 0, 0, 8, 8, 8, 8, 8, 0, 8, 8, 8, 8, 0, 0, 0, 0, 0], [0, 0, 0, 0, 0, 0, 0, 0, 0, 8, 8, 8, 0, 0, 0, 8, 8, 8, 8, 8, 0, 0, 0, 0, 0, 0, 0, 0, 0, 0], [0, 0, 0, 0, 0, 0, 0, 0, 0, 0, 8, 0, 0, 0, 0, 0, 8, 0, 0, 0, 0, 0, 0, 0, 0, 0, 0, 0, 0, 0], [0, 0, 0, 0, 0, 0, 0, 0, 0, 8, 8, 8, 8, 8, 8, 8, 8, 8, 8, 8, 8, 0, 0, 0, 0, 0, 0, 0, 0, 0], [0, 8, 8, 8, 0, 8, 8, 8, 0, 8, 8, 8, 8, 8, 8, 8, 8, 8, 8, 8, 8, 0, 0, 0, 0, 6, 6, 6, 6, 0], [0, 8, 8, 8, 8, 8, 8, 8, 0, 8, 8, 8, 8, 8, 8, 8, 8, 8, 8, 8, 8, 0, 0, 0, 0, 6, 6, 6, 6, 0], [0, 8, 8, 8, 0, 8, 8, 8, 8, 8, 8, 8, 8, 8, 8, 8, 8, 8, 8, 8, 8, 0, 0, 0, 0, 6, 6, 6, 6, 0], [0, 0, 0, 0, 0, 8, 8, 8, 0, 8, 8, 8, 8, 8, 8, 8, 8, 8, 8, 8, 8, 0, 0, 0, 0, 6, 6, 6, 6, 0], [0, 0, 0, 0, 0, 0, 0, 0, 0, 8, 8, 8, 8, 8, 8, 8, 8, 8, 8, 8, 8, 0, 0, 0, 0, 6, 6, 6, 6, 0], [0, 0, 0, 0, 0, 0, 0, 0, 0, 8, 8, 8, 8, 8, 8, 8, 8, 8, 8, 8, 8, 0, 0, 0, 0, 0, 0, 6, 0, 0], [0, 0, 6, 6, 6, 6, 0, 0, 0, 0, 0, 0, 0, 0, 0, 0, 0, 0, 0, 0, 0, 0, 0, 0, 0, 6, 6, 6, 6, 0], [0, 0, 6, 6, 6, 6, 0, 0, 6, 6, 6, 6, 0, 0, 0, 6, 6, 6, 6, 0, 0, 0, 0, 0, 0, 6, 6, 6, 6, 0], [0, 0, 6, 6, 6, 6, 6, 6, 6, 6, 6, 6, 6, 6, 6, 6, 6, 6, 6, 6, 6, 6, 6, 6, 6, 6, 6, 6, 6, 0], [0, 0, 6, 6, 6, 6, 0, 0, 6, 6, 6, 6, 0, 0, 0, 6, 6, 6, 6, 0, 0, 0, 0, 0, 0, 6, 6, 6, 6, 0]]"
12,"`pixel_color(state, 8, 4, 9)`->`complete(state)`->`complete(state)`->`complete(state)`->`complete(state)`","[[9, 1, 2, 8, 4, 9, 8, 2, 1], [4, 4, 3, 1, 2, 7, 6, 7, 9], [2, 1, 6, 9, 7, 8, 4, 3, 6], [9, 8, 6, 3, 4, 2, 9, 1, 7], [5, 5, 5, 5, 5, 5, 5, 5, 5], [0, 0, 0, 0, 0, 0, 0, 0, 0], [0, 0, 0, 0, 0, 0, 0, 0, 0], [0, 0, 0, 0, 0, 0, 0, 0, 0], [0, 0, 0, 0, 9, 0, 0, 0, 0]]"
13,"`vertical_line(state, 0, 4, 5, 4, 2)`->`vertical_line(state, 0, 13, 4, 13, 3)`->`vertical_line(state, 0, 8, 7, 8, 8)`->`vertical_line(state, 0, 8, 7, 8, 8)`->`vertical_line(state, 0, 16, 5, 16, 8)`","[[0, 0, 0, 0, 2, 3, 0, 9, 0, 4, 0, 0, 0, 3, 0, 0, 8], [0, 0, 3, 0, 2, 0, 4, 4, 8, 0, 0, 0, 0, 3, 0, 0, 8], [0, 0, 0, 0, 2, 0, 0, 0, 8, 0, 0, 0, 0, 3, 0, 0, 8], [0, 0, 0, 0, 2, 0, 0, 0, 8, 0, 0, 0, 0, 3, 0, 0, 8], [0, 0, 0, 0, 2, 0, 0, 1, 8, 0, 0, 0, 9, 4, 9, 0, 8], [0, 0, 0, 6, 0, 0, 0, 0, 8, 0, 1, 0, 6, 0, 0, 0, 7], [0, 0, 0, 0, 0, 8, 0, 0, 8, 0, 1, 3, 0, 0, 0, 0, 0], [0, 0, 0, 0, 7, 0, 3, 0, 0, 3, 0, 0, 0, 0, 4, 0, 0], [0, 0, 4, 0, 0, 0, 0, 0, 0, 0, 0, 0, 0, 0, 0, 0, 0], [0, 0, 0, 2, 0, 0, 1, 9, 0, 0, 0, 7, 0, 0, 1, 2, 0], [0, 0, 0, 3, 0, 0, 0, 0, 0, 0, 0, 0, 0, 0, 0, 0, 0], [0, 4, 0, 4, 0, 0, 0, 0, 1, 0, 0, 0, 0, 0, 0, 0, 0], [0, 0, 0, 0, 0, 0, 0, 0, 0, 0, 9, 0, 0, 0, 3, 0, 0], [0, 0, 0, 0, 0, 0, 0, 3, 0, 0, 0, 0, 0, 2, 0, 0, 0], [0, 0, 0, 1, 0, 0, 0, 0, 6, 0, 0, 4, 9, 0, 3, 0, 3], [0, 0, 0, 0, 0, 0, 0, 0, 0, 0, 0, 0, 0, 0, 1, 0, 0], [0, 0, 0, 0, 0, 5, 0, 0, 5, 0, 0, 5, 0, 0, 0, 0, 0]]"
14,"`move_down(state, object1)`->`move_down(state, object4)`->`move_down(state, object2)`->`move_right(state, object3)`->`move_right(state, object2)`","[[0, 0, 0, 0, 0, 0, 0, 0, 0, 0], [0, 0, 0, 0, 0, 0, 0, 0, 0, 0], [2, 2, 2, 2, 0, 0, 0, 3, 3, 3], [0, 0, 0, 2, 0, 0, 0, 0, 0, 0], [0, 0, 2, 2, 0, 0, 0, 0, 0, 0], [0, 0, 0, 0, 3, 3, 0, 0, 0, 0], [0, 0, 3, 3, 3, 3, 0, 0, 0, 0], [0, 0, 0, 0, 3, 0, 2, 2, 2, 0], [0, 0, 0, 0, 0, 0, 2, 2, 2, 0], [0, 0, 0, 0, 0, 0, 0, 0, 0, 0]]"
15,"`obj_color(state, object1, 8)`->`obj_color(current_state, object2, 8)`->`obj_color(current_state, object3, 8)`->`obj_color(current_state, object4, 8)`->`vertical_flip(state)`","[[0, 0, 8, 8], [8, 0, 8, 0], [8, 8, 0, 8], [0, 0, 0, 0], [8, 8, 8, 0], [8, 8, 0, 8], [8, 8, 8, 8], [0, 0, 0, 8], [8, 0, 8, 8], [0, 8, 8, 0], [8, 0, 0, 8], [0, 8, 8, 0], [0, 0, 0, 8]]"
16,"obj_color(state, object4, 6)->obj_color(state, object3, 3)->->obj_color(state, object1, 5)->`obj_color(state, object1, 5)`","[[0, 5, 0, 3, 0, 0, 0, 0, 0, 0, 0, 0, 0], [0, 0, 0, 3, 0, 0, 6, 6, 6, 6, 6, 0, 0], [0, 0, 3, 3, 0, 0, 6, 0, 0, 0, 6, 0, 0], [3, 3, 3, 0, 0, 0, 6, 6, 0, 0, 6, 6, 0], [0, 0, 7, 0, 0, 0, 0, 6, 0, 0, 0, 6, 0], [0, 0, 0, 0, 0, 0, 0, 6, 0, 8, 0, 6, 0], [0, 0, 0, 0, 0, 0, 0, 6, 0, 0, 0, 6, 0], [0, 0, 0, 0, 0, 6, 6, 6, 0, 0, 0, 6, 0], [0, 0, 0, 0, 0, 6, 0, 0, 0, 0, 0, 6, 0], [6, 6, 6, 6, 6, 6, 6, 6, 6, 6, 6, 6, 0], [0, 0, 0, 0, 0, 0, 0, 0, 6, 0, 0, 0, 0], [0, 0, 0, 4, 0, 0, 0, 6, 6, 0, 0, 0, 0], [0, 0, 0, 0, 0, 0, 0, 6, 0, 0, 0, 0, 0]]"
17,"`obj_color(state, object1, 9)`->`obj_color(state, object2, 5)`->`obj_color(state, object3, 9)`->`obj_color(state, object4, 4)`->`obj_color(state, object5, 8)`","[[9, 9, 9, 0, 9, 5, 0, 5, 5, 9, 9, 0, 0, 0, 4, 0, 0, 0, 0], [9, 0, 9, 9, 9, 5, 5, 5, 5, 9, 0, 0, 9, 9, 4, 4, 4, 0, 4], [9, 0, 0, 9, 9, 5, 0, 5, 5, 9, 0, 0, 0, 9, 8, 0, 4, 0, 4], [0, 0, 9, 9, 9, 0, 0, 5, 5, 9, 9, 9, 9, 0, 8, 0, 4, 4, 0]]"
18,"move_down(state, object1)->move_down(state, object2)->move_down(state, object2)->move_down(state, object1)->move_down(state, object2)","[[0, 0, 0, 0, 0, 0, 0], [0, 0, 0, 0, 0, 0, 0], [5, 0, 0, 0, 0, 0, 0], [5, 0, 4, 4, 4, 0, 0], [5, 0, 0, 8, 0, 0, 0], [0, 0, 0, 6, 0, 0, 0], [0, 0, 2, 2, 0, 0, 0], [0, 0, 0, 0, 0, 0, 0], [0, 0, 0, 0, 0, 0, 0], [0, 0, 0, 0, 0, 0, 0]]"
20,"vertical_line(state, 0, 3, 9, 3, 1)->vertical_line(state, 0, 7, 9, 7, 1)->horizontal_line(state, 3, 0, 3, 9, 2)->`horizontal_line(state, 6, 0, 6, 9, 2)`->`horizontal_line(state, 0, 3, 0, 9, 1)`","[[0, 0, 0, 0, 1, 1, 1, 1, 1, 0], [0, 5, 5, 1, 0, 5, 5, 1, 5, 5], [0, 5, 5, 1, 0, 5, 5, 1, 5, 5], [0, 2, 2, 2, 2, 2, 2, 2, 2, 0], [0, 5, 5, 1, 0, 5, 5, 1, 5, 5], [0, 5, 5, 1, 0, 5, 5, 1, 5, 5], [0, 2, 2, 2, 2, 2, 2, 2, 2, 0], [0, 5, 5, 1, 0, 5, 5, 1, 5, 5], [0, 5, 5, 1, 0, 5, 5, 1, 5, 5], [0, 0, 0, 0, 0, 0, 0, 0, 0, 0]]"
21,"`X_line(state, 0, 2, 2)`->`X_line(state, 3, 0, 2)`->`X_line(state, 3, 0, 2)`->`X_line(state, 3, 0, 2)`->`X_line(state, 0, 2, 2)`","[[0, 0, 4, 2], [0, 2, 2, 2], [2, 2, 0, 0], [4, 0, 0, 0]]"
22,"`vertical_line(state, 2, 7, 11, 7, 1)`->`vertical_line(state, 5, 0, 12, 0, 1)`->`horizontal_line(state, 6, 0, 6, 13, 1)`->`horizontal_line(state, 12, 0, 12, 13, 1)`->`horizontal_line(state, 2, 7, 2, 13, 1)`","[[8, 8, 8, 8, 8, 8, 8, 8, 8, 8, 8, 8, 8, 8], [8, 8, 8, 8, 8, 8, 8, 8, 8, 8, 8, 8, 8, 8], [8, 8, 8, 8, 8, 8, 8, 1, 1, 1, 1, 1, 1, 8], [8, 8, 8, 8, 8, 8, 8, 1, 8, 8, 8, 8, 8, 8], [8, 8, 8, 8, 8, 8, 8, 1, 8, 8, 8, 8, 8, 8], [8, 8, 1, 8, 8, 8, 8, 1, 8, 8, 8, 8, 8, 8], [1, 1, 1, 1, 1, 1, 1, 1, 1, 1, 1, 1, 1, 8], [1, 8, 8, 8, 8, 8, 8, 1, 8, 8, 8, 8, 8, 8], [1, 8, 8, 8, 8, 8, 8, 1, 8, 8, 8, 8, 8, 8], [1, 8, 8, 8, 8, 8, 8, 1, 8, 8, 8, 8, 8, 8], [1, 8, 8, 8, 8, 8, 8, 1, 8, 8, 8, 8, 8, 8], [1, 8, 8, 8, 1, 8, 8, 8, 8, 8, 8, 8, 8, 8], [8, 1, 1, 1, 1, 1, 1, 1, 1, 1, 1, 1, 1, 8], [8, 8, 8, 8, 8, 8, 8, 8, 8, 8, 8, 8, 8, 1]]"
23,"rotate_right_obj(state, object1)->rotate_right_obj(state, object6)->rotate_right_obj(state, object6)->rotate_right_obj(state, object7)->rotate_right_obj(state, object6)","[[5, 0, 5, 0, 0, 5], [5, 5, 0, 0, 0, 5], [5, 0, 5, 0, 0, 0], [0, 0, 0, 4, 0, 4], [0, 0, 0, 0, 0, 0], [4, 2, 2, 2, 0, 0], [0, 0, 2, 2, 0, 0], [0, 0, 0, 2, 0, 0], [0, 0, 2, 2, 0, 0], [0, 0, 2, 2, 0, 0], [0, 0, 8, 0, 0, 0], [0, 0, 0, 8, 0, 0]]"
25,"`rotate_right_obj(state, object1)`->`rotate_right_obj(state, object2)`->`rotate_right_obj(state, object1)`->`rotate_right_obj(state, object2)`->`rotate_right_obj(state, object2)`","[[0, 0, 0, 0, 0, 0, 0, 0, 0], [2, 0, 0, 0, 0, 0, 0, 0, 0], [2, 0, 3, 0, 0, 0, 0, 0, 0], [0, 0, 2, 0, 0, 0, 0, 0, 0], [0, 0, 0, 0, 0, 6, 6, 6, 0], [0, 0, 0, 0, 0, 1, 1, 1, 0], [0, 0, 0, 0, 0, 1, 6, 6, 0], [0, 0, 0, 0, 0, 0, 0, 0, 0]]"
26,"obj_color(state, object1, 8)->obj_color(state, object2, 8)->`obj_color(state, object2, 8)`->`obj_color(state, object3, 8)`->obj_color(state, object4, 8)","[[8, 8, 8, 8, 0, 8, 8, 8, 8, 0, 8, 8, 8, 8, 0, 8, 8, 8, 8], [8, 0, 0, 0, 0, 8, 0, 0, 0, 0, 8, 0, 0, 0, 0, 8, 0, 0, 0], [8, 0, 0, 2, 0, 8, 0, 0, 2, 0, 8, 0, 0, 2, 0, 8, 0, 0, 2], [8, 0, 2, 2, 0, 8, 0, 2, 2, 0, 8, 0, 2, 2, 0, 8, 0, 2, 2], [0, 0, 0, 0, 0, 0, 0, 0, 0, 0, 0, 0, 0, 0, 0, 0, 0, 0, 0], [2, 2, 2, 2, 0, 0, 0, 0, 0, 0, 0, 0, 0, 0, 0, 0, 0, 0, 0], [2, 0, 0, 0, 0, 0, 0, 0, 0, 0, 0, 0, 0, 0, 0, 0, 0, 0, 0], [2, 0, 0, 2, 0, 0, 0, 0, 0, 0, 0, 0, 0, 0, 0, 0, 0, 0, 0], [2, 0, 2, 2, 0, 0, 0, 0, 0, 0, 0, 0, 0, 0, 0, 0, 0, 0, 0], [0, 0, 0, 0, 0, 0, 0, 0, 0, 0, 0, 0, 0, 0, 0, 0, 0, 0, 0], [3, 3, 3, 3, 3, 3, 3, 3, 3, 3, 3, 3, 3, 3, 3, 3, 3, 3, 3], [3, 3, 3, 3, 3, 3, 3, 3, 3, 3, 3, 3, 3, 3, 3, 3, 3, 3, 3], [3, 3, 3, 3, 3, 3, 3, 3, 3, 3, 3, 3, 3, 3, 3, 3, 3, 3, 3], [3, 3, 3, 3, 3, 3, 3, 3, 3, 3, 3, 3, 3, 3, 3, 3, 3, 3, 3], [0, 0, 0, 0, 0, 0, 0, 0, 0, 0, 0, 0, 0, 0, 0, 0, 0, 0, 0], [2, 2, 2, 2, 0, 0, 0, 0, 0, 0, 2, 2, 2, 2, 0, 2, 2, 2, 2], [2, 0, 0, 0, 0, 0, 0, 0, 0, 0, 2, 0, 0, 0, 0, 2, 0, 0, 0], [2, 0, 0, 2, 0, 0, 0, 0, 0, 0, 2, 0, 0, 2, 0, 2, 0, 0, 2], [2, 0, 2, 2, 0, 0, 0, 0, 0, 0, 2, 0, 2, 2, 0, 2, 0, 2, 2]]"
27,horizontal_flip(state)->vertical_flip(current_state)->vertical_flip(horizontal_flip(state))->horizontal_flip(state)->horizontal_flip(vertical_flip(state)),"[[8, 7, 5, 8], [8, 8, 7, 7], [5, 8, 5, 5]]"
28,"`move_down(state, object3)`->`move_down(state, object2)`->move_down(state, object1)->move_down(state, object5)->`move_down(state, object2)`","[[0, 0, 0, 0, 0, 0, 0, 0, 0, 0, 0, 0, 0, 0, 0], [0, 0, 0, 0, 0, 0, 0, 0, 0, 0, 0, 0, 0, 0, 0], [0, 0, 1, 1, 0, 0, 0, 0, 0, 0, 8, 0, 0, 0, 0], [0, 0, 0, 1, 1, 0, 0, 2, 0, 0, 8, 8, 0, 0, 0], [0, 0, 1, 1, 0, 0, 0, 2, 0, 0, 0, 8, 8, 0, 0], [5, 5, 5, 5, 5, 5, 2, 2, 2, 5, 5, 5, 5, 5, 5], [0, 0, 0, 0, 0, 0, 0, 0, 0, 0, 0, 0, 0, 0, 0], [0, 0, 0, 0, 0, 0, 0, 0, 0, 0, 0, 0, 0, 0, 0], [0, 0, 0, 0, 0, 0, 0, 0, 0, 0, 0, 0, 0, 0, 0], [0, 0, 0, 0, 0, 0, 0, 0, 0, 0, 0, 0, 0, 0, 0], [0, 0, 0, 0, 0, 0, 0, 0, 0, 0, 0, 0, 0, 0, 0], [0, 0, 0, 0, 0, 0, 0, 0, 0, 0, 0, 0, 0, 0, 0], [0, 1, 1, 0, 0, 0, 0, 0, 0, 0, 0, 0, 0, 0, 0], [0, 0, 1, 1, 0, 0, 0, 0, 0, 0, 0, 0, 0, 0, 0], [0, 1, 1, 0, 0, 0, 0, 0, 0, 0, 0, 0, 0, 0, 0]]"
29,"rotate_left_obj(state, object7)->rotate_left_obj(state, object12)->rotate_left_obj(state, object12)->rotate_left_obj(state, object12)->rotate_left_obj(state, object12)","[[0, 0, 0, 5, 0, 0, 0, 0, 0, 0, 0, 0, 0, 0, 0], [0, 1, 0, 5, 0, 0, 0, 0, 1, 0, 0, 0, 0, 0, 0], [0, 0, 0, 5, 0, 3, 0, 0, 0, 0, 8, 0, 0, 0, 7], [5, 5, 5, 5, 0, 0, 0, 0, 0, 0, 0, 0, 0, 0, 0], [0, 0, 0, 0, 0, 6, 0, 9, 0, 4, 0, 0, 6, 2, 0], [0, 0, 0, 0, 0, 0, 0, 0, 0, 0, 3, 0, 0, 0, 0], [0, 0, 0, 1, 0, 8, 7, 0, 0, 0, 0, 0, 0, 3, 0], [0, 0, 0, 0, 7, 0, 0, 7, 2, 0, 0, 0, 0, 0, 0], [0, 0, 0, 0, 0, 4, 1, 0, 0, 0, 6, 6, 0, 0, 0], [0, 0, 0, 0, 0, 0, 0, 0, 8, 0, 0, 0, 0, 0, 0], [0, 0, 0, 0, 0, 0, 0, 0, 0, 0, 0, 9, 0, 0, 0], [0, 0, 0, 0, 0, 0, 0, 0, 9, 0, 0, 0, 0, 0, 0], [0, 0, 0, 0, 0, 0, 0, 0, 0, 4, 0, 0, 0, 2, 0], [0, 0, 0, 1, 0, 0, 0, 0, 0, 0, 0, 0, 0, 0, 0], [0, 0, 0, 0, 9, 0, 0, 0, 0, 0, 0, 7, 0, 0, 0]]"
30,`vertical_flip(state)`->`vertical_flip(state)`->`vertical_flip(state)`->`complete(state)`->`complete(state)`,"[[8, 8, 8, 8, 8, 8, 8, 8, 8, 8, 8, 8, 8], [8, 8, 8, 8, 8, 8, 4, 8, 4, 8, 8, 8, 8], [8, 8, 8, 8, 8, 8, 4, 4, 4, 8, 8, 8, 8], [8, 8, 8, 8, 8, 8, 2, 2, 2, 8, 8, 8, 8], [8, 8, 8, 8, 8, 8, 2, 2, 2, 8, 8, 8, 8], [8, 8, 8, 8, 8, 8, 8, 8, 8, 8, 8, 8, 8], [8, 8, 8, 8, 8, 8, 8, 8, 8, 8, 8, 8, 8], [8, 8, 8, 8, 8, 8, 8, 8, 8, 8, 8, 8, 8], [8, 8, 8, 8, 8, 8, 8, 8, 8, 8, 8, 8, 8], [8, 8, 2, 2, 2, 2, 8, 8, 8, 8, 8, 8, 8], [8, 8, 1, 1, 1, 1, 8, 8, 8, 8, 8, 8, 8], [8, 8, 1, 1, 1, 1, 8, 8, 8, 8, 8, 8, 8], [8, 8, 1, 8, 8, 1, 8, 8, 8, 8, 8, 8, 8], [8, 8, 8, 8, 8, 8, 8, 8, 8, 8, 8, 8, 8]]"
31,"obj_color(state, object1, 6)->obj_color(state, object2, 6)->diagonal_line(current_state, 0, 0, 4, 4, 6)->vertical_line(current_state, 0, 0, 5, 0, 6)->horizontal_line(current_state, 0, 0, 0, 4, 6)","[[6, 6, 6, 6, 0], [6, 6, 6, 0, 6], [6, 0, 6, 6, 6], [6, 6, 6, 6, 6], [6, 0, 6, 6, 6], [6, 6, 0, 0, 0]]"
32,"`obj_color(state, object1, 7)`->obj_color(state, object2, 7)->`obj_color(state, object1, 7)`->`complete(state)`->obj_color(state, object2, 7)","[[0, 0, 0, 0, 0, 0, 0, 0, 0, 0, 0, 0, 0, 0], [0, 0, 0, 0, 0, 7, 7, 7, 7, 7, 7, 7, 7, 7], [0, 0, 0, 0, 0, 7, 0, 0, 0, 7, 0, 7, 0, 7], [0, 0, 0, 0, 0, 7, 0, 7, 0, 7, 0, 0, 0, 7], [0, 0, 0, 0, 0, 7, 7, 7, 7, 7, 7, 7, 7, 7], [0, 0, 0, 0, 0, 0, 0, 0, 0, 0, 0, 0, 0, 0], [0, 0, 0, 0, 0, 0, 0, 0, 0, 0, 0, 0, 0, 0], [0, 0, 0, 0, 0, 0, 0, 0, 0, 0, 0, 0, 0, 0], [0, 0, 0, 0, 0, 0, 7, 7, 7, 0, 0, 0, 0, 0], [0, 0, 0, 0, 0, 0, 7, 0, 7, 0, 0, 0, 0, 0], [0, 0, 0, 0, 0, 0, 0, 7, 0, 0, 0, 0, 0, 0], [0, 0, 0, 0, 0, 0, 0, 0, 0, 0, 0, 0, 0, 0], [0, 0, 0, 0, 0, 0, 0, 0, 0, 0, 0, 0, 0, 0], [0, 0, 0, 0, 0, 0, 0, 0, 0, 0, 0, 0, 0, 0]]"
33,"rotate_right_obj(state, object10)->rotate_right_obj(state, object10)->rotate_right_obj(state, object11)->rotate_right_obj(state, object11)->rotate_right_obj(state, object10)","[[5, 5, 0, 0, 0, 8, 5, 0, 0, 8, 8, 8, 0, 8, 0, 0, 5, 5, 0, 5, 0, 5, 8, 0, 0, 0, 0, 0, 0, 8], [8, 8, 5, 5, 0, 8, 0, 0, 5, 8, 0, 0, 5, 8, 0, 8, 0, 8, 0, 8, 0, 0, 5, 0, 8, 8, 0, 0, 0, 0], [0, 5, 5, 5, 0, 5, 8, 0, 5, 8, 0, 0, 0, 5, 0, 5, 8, 8, 5, 8, 5, 0, 5, 0, 0, 0, 0, 0, 5, 5], [0, 0, 2, 2, 2, 2, 0, 0, 0, 0, 0, 5, 8, 3, 3, 3, 3, 3, 5, 0, 8, 0, 0, 0, 0, 8, 8, 0, 0, 5], [0, 5, 2, 2, 2, 2, 0, 0, 0, 0, 0, 5, 8, 3, 3, 3, 3, 3, 8, 8, 3, 3, 3, 3, 3, 3, 0, 0, 0, 5], [8, 8, 2, 2, 2, 2, 0, 0, 0, 0, 0, 0, 0, 3, 3, 3, 3, 3, 5, 8, 3, 3, 3, 3, 3, 3, 0, 0, 8, 0], [8, 5, 2, 2, 2, 2, 0, 0, 0, 0, 0, 0, 8, 3, 3, 3, 3, 3, 0, 0, 3, 3, 3, 3, 3, 3, 0, 5, 0, 0], [5, 0, 2, 2, 2, 2, 0, 0, 0, 0, 8, 0, 0, 3, 3, 3, 3, 3, 0, 0, 0, 0, 0, 0, 0, 0, 0, 0, 0, 5], [0, 0, 2, 2, 2, 2, 0, 0, 5, 0, 0, 0, 0, 0, 0, 5, 5, 5, 0, 0, 0, 0, 0, 0, 0, 0, 0, 8, 8, 0], [0, 0, 5, 0, 5, 5, 0, 8, 0, 8, 8, 0, 0, 5, 8, 0, 0, 0, 0, 5, 0, 0, 1, 1, 1, 1, 1, 5, 5, 5], [8, 0, 8, 4, 4, 4, 4, 4, 5, 0, 5, 8, 7, 7, 7, 7, 7, 0, 0, 8, 5, 0, 1, 1, 1, 1, 1, 0, 5, 0], [8, 5, 0, 4, 4, 4, 4, 4, 0, 0, 0, 0, 7, 7, 7, 7, 7, 0, 0, 5, 0, 0, 1, 1, 1, 1, 1, 0, 5, 0], [0, 8, 0, 4, 4, 4, 4, 4, 0, 0, 0, 0, 7, 7, 7, 7, 7, 5, 0, 0, 5, 8, 1, 1, 1, 1, 1, 5, 5, 0], [0, 8, 5, 4, 4, 4, 4, 4, 0, 0, 0, 0, 7, 7, 7, 7, 7, 0, 8, 0, 8, 0, 1, 1, 1, 1, 1, 5, 5, 0], [0, 5, 8, 4, 4, 4, 4, 4, 0, 0, 8, 0, 8, 0, 0, 0, 0, 0, 5, 0, 0, 0, 5, 0, 0, 0, 5, 0, 5, 8], [8, 8, 0, 0, 0, 0, 8, 0, 8, 0, 0, 0, 0, 0, 0, 5, 0, 0, 5, 5, 8, 0, 5, 0, 5, 8, 0, 0, 0, 5], [0, 8, 0, 5, 0, 0, 0, 5, 5, 8, 5, 5, 3, 3, 3, 3, 3, 3, 3, 8, 0, 5, 0, 7, 7, 7, 7, 5, 0, 5], [0, 0, 5, 5, 0, 5, 1, 1, 1, 1, 0, 0, 3, 3, 3, 3, 3, 3, 3, 0, 8, 8, 8, 7, 7, 7, 7, 8, 0, 8], [0, 0, 0, 0, 0, 0, 1, 1, 1, 1, 5, 8, 3, 3, 3, 3, 3, 3, 3, 8, 5, 0, 8, 7, 7, 7, 7, 0, 5, 5], [0, 5, 0, 8, 0, 5, 1, 1, 1, 1, 5, 0, 3, 3, 3, 3, 3, 3, 3, 5, 0, 5, 0, 7, 7, 7, 7, 5, 0, 0], [0, 0, 5, 0, 0, 8, 1, 1, 1, 1, 0, 0, 5, 8, 0, 0, 5, 8, 8, 0, 0, 8, 0, 7, 7, 7, 7, 8, 0, 0], [5, 0, 5, 8, 0, 0, 8, 0, 5, 0, 0, 0, 0, 0, 5, 8, 0, 0, 5, 8, 0, 0, 5, 0, 8, 8, 8, 0, 0, 5], [0, 5, 0, 5, 5, 4, 4, 4, 5, 0, 5, 0, 6, 6, 6, 6, 6, 6, 0, 0, 2, 2, 2, 2, 2, 2, 0, 0, 5, 5], [0, 8, 0, 5, 5, 4, 4, 4, 0, 8, 5, 0, 6, 6, 6, 6, 6, 6, 0, 0, 2, 2, 2, 2, 2, 2, 5, 0, 8, 5], [8, 0, 0, 0, 0, 4, 4, 4, 5, 0, 8, 0, 6, 6, 6, 6, 6, 6, 0, 0, 2, 2, 2, 2, 2, 2, 0, 0, 0, 0], [0, 0, 0, 0, 0, 4, 4, 4, 5, 5, 0, 8, 6, 6, 6, 6, 6, 6, 5, 0, 2, 2, 2, 2, 2, 2, 0, 0, 8, 0], [5, 5, 0, 0, 0, 5, 5, 8, 5, 8, 0, 0, 6, 6, 6, 6, 6, 6, 8, 5, 8, 0, 0, 8, 5, 0, 8, 5, 0, 0], [0, 5, 8, 5, 0, 8, 5, 5, 5, 0, 8, 8, 0, 0, 5, 0, 8, 5, 5, 0, 0, 0, 5, 8, 0, 0, 0, 0, 8, 5], [0, 0, 0, 0, 8, 0, 0, 5, 8, 8, 8, 5, 0, 0, 0, 5, 0, 5, 0, 0, 0, 5, 0, 8, 0, 5, 5, 0, 0, 8], [8, 0, 5, 0, 0, 0, 0, 0, 5, 8, 8, 8, 0, 0, 5, 5, 5, 5, 8, 5, 0, 0, 5, 8, 5, 8, 5, 5, 0, 5]]"
34,"obj_color(state, object1, 3)->obj_color(state, object2, 3)->obj_color(state, object3, 3)->obj_color(state, object4, 3)->obj_color(state, object5, 3)","[[0, 3, 0, 3, 3, 3, 0, 3], [3, 3, 0, 0, 0, 3, 3, 0], [0, 3, 3, 0, 0, 0, 0, 3], [3, 3, 0, 3, 0, 3, 0, 0], [0, 3, 0, 3, 3, 3, 0, 3], [0, 3, 0, 0, 7, 0, 0, 3], [1, 0, 1, 0, 0, 0, 1, 3], [0, 0, 1, 1, 0, 1, 0, 3]]"
35,"diagonal_line(state, 0, 0, 14, 14, 2)->pixel_color(state, 3, 3, 1)->pixel_color(state, 6, 6, 1)->pixel_color(state, 9, 9, 2)->pixel_color(state, 12, 12, 2)","[[1, 0, 0, 0, 0, 0, 0, 0, 0, 0, 0, 0, 0, 0, 0], [0, 2, 0, 0, 0, 0, 0, 0, 0, 0, 0, 0, 0, 0, 0], [0, 0, 2, 0, 0, 0, 0, 0, 0, 0, 0, 0, 0, 0, 0], [0, 0, 0, 1, 0, 0, 0, 0, 0, 0, 0, 0, 0, 0, 0], [0, 0, 0, 0, 2, 0, 0, 0, 0, 0, 0, 0, 0, 0, 0], [0, 0, 0, 0, 0, 2, 0, 0, 0, 0, 0, 0, 0, 0, 0], [0, 0, 0, 0, 0, 0, 1, 0, 0, 0, 0, 0, 0, 0, 0], [0, 0, 0, 0, 0, 0, 0, 2, 0, 0, 0, 0, 0, 0, 0], [0, 0, 0, 0, 0, 0, 0, 0, 2, 0, 0, 0, 0, 0, 0], [0, 0, 0, 0, 0, 0, 0, 0, 0, 2, 0, 0, 0, 0, 0], [0, 0, 0, 0, 0, 0, 0, 0, 0, 0, 2, 0, 0, 0, 0], [0, 0, 0, 0, 0, 0, 0, 0, 0, 0, 0, 2, 0, 0, 0], [0, 0, 0, 0, 0, 0, 0, 0, 0, 0, 0, 0, 2, 0, 0], [0, 0, 0, 0, 0, 0, 0, 0, 0, 0, 0, 0, 0, 2, 0], [0, 0, 0, 0, 0, 0, 0, 0, 0, 0, 0, 0, 0, 0, 0]]"
36,"obj_color(state, object1, 8)->obj_color(state, object2, 3)->obj_color(state, object1, 8)->obj_color(state, object2, 8)->obj_color(state, object1, 3)","[[0, 0, 0, 0, 0, 0, 0, 0, 0, 0, 0, 0, 0, 0, 0, 0, 0, 0, 0, 0, 0], [0, 0, 0, 0, 0, 0, 0, 0, 0, 0, 0, 0, 0, 0, 0, 0, 0, 0, 0, 0, 0], [0, 0, 0, 0, 0, 0, 0, 0, 0, 0, 0, 0, 0, 0, 0, 0, 0, 0, 0, 0, 0], [0, 0, 0, 0, 0, 0, 0, 0, 0, 0, 0, 0, 0, 0, 0, 0, 0, 0, 0, 0, 0], [0, 0, 0, 0, 0, 0, 0, 0, 0, 0, 0, 0, 0, 0, 0, 0, 0, 0, 0, 0, 0], [0, 0, 0, 0, 0, 0, 0, 0, 0, 0, 0, 0, 0, 0, 0, 0, 0, 0, 0, 0, 0], [0, 0, 0, 0, 0, 3, 3, 3, 3, 3, 3, 0, 0, 0, 0, 0, 0, 0, 0, 0, 0], [0, 0, 0, 0, 0, 3, 8, 8, 8, 8, 3, 0, 0, 0, 0, 0, 0, 0, 0, 0, 0], [0, 0, 0, 0, 0, 3, 8, 8, 8, 8, 3, 0, 0, 0, 0, 0, 0, 0, 0, 0, 0], [0, 0, 0, 0, 0, 3, 8, 8, 8, 8, 3, 0, 0, 0, 0, 0, 0, 0, 0, 0, 0], [0, 0, 0, 0, 0, 3, 8, 8, 8, 8, 3, 0, 0, 0, 0, 0, 0, 0, 0, 0, 0], [0, 0, 0, 0, 0, 3, 3, 3, 3, 3, 3, 0, 0, 0, 0, 0, 0, 0, 0, 0, 0], [0, 0, 0, 0, 0, 0, 0, 0, 0, 0, 0, 0, 0, 0, 0, 0, 0, 0, 0, 0, 0], [0, 0, 0, 0, 0, 0, 0, 0, 0, 0, 0, 0, 0, 0, 0, 0, 0, 0, 0, 0, 0], [0, 0, 0, 0, 0, 0, 0, 0, 0, 0, 0, 0, 0, 0, 0, 0, 0, 0, 0, 0, 0], [0, 0, 0, 0, 0, 0, 0, 0, 0, 0, 0, 0, 0, 0, 0, 0, 0, 0, 0, 0, 0], [0, 0, 0, 0, 0, 0, 0, 0, 0, 0, 0, 0, 0, 0, 0, 0, 0, 0, 0, 0, 0], [0, 0, 0, 0, 0, 0, 0, 0, 0, 0, 0, 0, 0, 0, 0, 0, 0, 0, 0, 0, 0], [0, 0, 0, 0, 0, 0, 0, 0, 0, 0, 0, 0, 0, 0, 0, 0, 0, 0, 0, 0, 0], [0, 0, 0, 0, 0, 0, 0, 0, 0, 0, 0, 0, 0, 0, 0, 0, 0, 0, 0, 0, 0], [0, 0, 0, 0, 0, 0, 0, 0, 0, 0, 0, 0, 0, 0, 0, 0, 0, 0, 0, 0, 0]]"
37,"obj_color(state, object1, 2)->obj_color(state, object2, 2)->complete(state)->obj_color(state, object1, 8)->obj_color(state, object1, 8)","[[8, 8, 8, 0], [0, 2, 2, 2], [0, 2, 2, 0], [2, 2, 2, 2], [2, 2, 2, 0], [2, 2, 2, 0], [0, 2, 2, 2], [0, 2, 2, 0], [0, 2, 2, 0], [2, 2, 2, 2], [2, 2, 2, 2], [2, 2, 2, 2], [2, 2, 0, 0], [0, 2, 2, 2], [2, 2, 2, 0], [2, 2, 2, 2], [0, 2, 2, 0], [0, 2, 2, 0], [2, 2, 2, 2], [2, 2, 2, 2], [0, 2, 2, 2], [0, 2, 2, 2]]"
38,"vertical_line(state, 6, 12, 17, 12, 0)->vertical_line(state, 11, 12, 16, 12, 0)->vertical_line(state, 11, 12, 16, 12, 0)->vertical_line(state, 11, 12, 12, 12, 0)->vertical_line(state, 11, 12, 12, 12, 0)","[[1, 1, 1, 1, 1, 1, 1, 1, 1, 1, 1, 1, 1, 1, 1, 1, 1, 1, 1, 1, 1, 1, 1, 1, 1, 1, 1, 1], [1, 1, 1, 1, 1, 1, 1, 1, 1, 1, 1, 0, 0, 0, 0, 0, 0, 0, 1, 1, 1, 1, 1, 1, 1, 1, 1, 1], [1, 1, 4, 4, 4, 4, 4, 4, 4, 4, 4, 0, 0, 0, 0, 0, 0, 0, 4, 4, 4, 4, 4, 4, 4, 4, 4, 4], [1, 1, 4, 3, 2, 1, 9, 1, 3, 5, 7, 0, 0, 0, 0, 0, 0, 0, 3, 5, 7, 9, 1, 3, 5, 7, 9, 1], [1, 1, 4, 2, 7, 9, 1, 3, 5, 7, 9, 0, 0, 0, 0, 0, 0, 0, 5, 7, 9, 1, 3, 5, 7, 9, 1, 3], [1, 1, 4, 1, 9, 1, 3, 5, 7, 9, 1, 0, 0, 0, 0, 0, 0, 0, 7, 9, 1, 3, 5, 7, 9, 1, 3, 5], [1, 1, 4, 9, 1, 3, 5, 7, 9, 1, 3, 5, 7, 0, 0, 0, 0, 7, 9, 1, 3, 5, 7, 9, 1, 3, 5, 7], [1, 1, 4, 1, 3, 5, 7, 9, 1, 3, 5, 7, 0, 0, 0, 0, 0, 9, 1, 3, 5, 7, 9, 1, 3, 5, 7, 9], [1, 1, 4, 3, 5, 7, 9, 1, 3, 5, 7, 9, 0, 3, 5, 7, 9, 1, 3, 5, 7, 9, 1, 3, 5, 7, 9, 1], [1, 0, 0, 0, 7, 9, 1, 3, 5, 7, 9, 1, 0, 5, 7, 9, 1, 3, 5, 7, 9, 1, 3, 5, 7, 9, 1, 3], [1, 0, 0, 0, 9, 1, 3, 5, 7, 9, 1, 3, 0, 7, 9, 1, 3, 5, 7, 9, 1, 3, 5, 7, 9, 1, 3, 5], [0, 0, 0, 0, 0, 3, 5, 7, 9, 1, 3, 5, 0, 9, 1, 3, 5, 7, 9, 1, 3, 5, 7, 9, 1, 3, 5, 7], [0, 0, 0, 0, 0, 5, 7, 9, 1, 3, 5, 7, 0, 1, 3, 5, 7, 9, 1, 3, 5, 7, 9, 1, 3, 5, 7, 9], [0, 0, 0, 0, 0, 7, 9, 1, 3, 5, 7, 9, 0, 3, 5, 7, 9, 1, 3, 5, 7, 9, 1, 3, 5, 7, 9, 1], [0, 0, 0, 0, 0, 9, 1, 3, 5, 0, 0, 0, 0, 0, 0, 0, 1, 3, 5, 7, 9, 1, 3, 5, 7, 9, 1, 3], [0, 0, 0, 0, 0, 1, 3, 5, 7, 0, 0, 0, 0, 0, 0, 0, 3, 5, 7, 9, 1, 3, 5, 7, 9, 1, 3, 5], [0, 0, 0, 0, 0, 3, 5, 7, 9, 0, 0, 0, 0, 0, 0, 0, 5, 7, 9, 1, 3, 5, 7, 9, 1, 3, 5, 7], [0, 0, 0, 0, 0, 5, 7, 9, 1, 0, 0, 0, 0, 0, 0, 0, 7, 9, 1, 3, 5, 7, 9, 1, 3, 5, 7, 9], [1, 1, 4, 3, 5, 7, 9, 1, 3, 0, 0, 0, 0, 0, 0, 0, 9, 1, 3, 5, 7, 9, 1, 3, 5, 7, 9, 1], [1, 1, 4, 5, 7, 9, 1, 3, 5, 0, 0, 0, 0, 0, 0, 0, 1, 3, 5, 7, 9, 1, 3, 5, 7, 9, 1, 3], [1, 1, 4, 7, 9, 1, 3, 5, 7, 9, 1, 3, 5, 7, 9, 1, 3, 5, 7, 9, 1, 3, 5, 7, 9, 1, 3, 5], [1, 1, 4, 9, 1, 3, 5, 7, 9, 1, 3, 5, 7, 9, 1, 3, 5, 7, 9, 1, 3, 5, 7, 9, 1, 3, 5, 7], [1, 1, 4, 1, 3, 5, 7, 9, 1, 3, 5, 7, 9, 1, 3, 5, 7, 9, 1, 3, 5, 7, 9, 1, 3, 5, 7, 9], [1, 1, 4, 3, 5, 7, 9, 1, 3, 5, 7, 9, 1, 3, 5, 7, 9, 1, 3, 5, 7, 9, 1, 3, 5, 7, 9, 1], [1, 1, 4, 5, 7, 9, 1, 3, 5, 7, 9, 1, 3, 5, 7, 9, 1, 3, 5, 7, 9, 1, 3, 5, 7, 9, 1, 3], [1, 1, 4, 7, 9, 1, 3, 5, 7, 9, 1, 3, 5, 7, 9, 1, 3, 5, 7, 9, 1, 3, 5, 7, 9, 1, 3, 5], [1, 1, 4, 9, 1, 3, 5, 7, 9, 1, 3, 5, 7, 9, 1, 3, 5, 7, 9, 1, 3, 5, 7, 9, 1, 3, 5, 7], [1, 1, 4, 1, 3, 5, 7, 9, 1, 3, 5, 7, 9, 1, 3, 5, 7, 9, 1, 3, 5, 7, 9, 1, 3, 5, 7, 9]]"
39,"vertical_line(state, 0, 3, 6, 3, 4)->vertical_line(state, 0, 4, 10, 4, 8)->horizontal_line(state, 9, 5, 9, 10, 5)->vertical_line(state, 6, 5, 10, 5, 5)->vertical_line(state, 0, 5, 5, 5, 5)","[[0, 0, 0, 4, 8, 5, 0, 0, 0, 0, 0], [0, 0, 0, 4, 8, 5, 0, 0, 0, 0, 0], [0, 0, 0, 4, 8, 5, 0, 0, 0, 0, 0], [0, 0, 0, 4, 8, 5, 0, 0, 0, 0, 0], [0, 0, 0, 4, 8, 5, 0, 0, 0, 0, 0], [0, 0, 0, 4, 8, 0, 0, 0, 0, 0, 0], [0, 0, 0, 0, 8, 0, 0, 0, 0, 0, 0], [4, 0, 0, 0, 8, 5, 0, 0, 0, 0, 0], [0, 0, 0, 0, 8, 5, 0, 0, 0, 0, 0], [0, 0, 0, 0, 8, 5, 5, 5, 5, 5, 5], [0, 0, 0, 0, 0, 0, 0, 0, 0, 0, 0]]"
40,"`obj_color(state, object15, 5)`->`complete(state)`->`obj_color(state, object15, 5)`->`complete(state)`->`obj_color(state, object15, 5)`","[[0, 9, 9, 7, 0, 0, 9, 7, 7, 7, 0, 7, 0, 0, 7, 0, 9, 0, 0, 0], [0, 0, 7, 3, 3, 3, 3, 0, 7, 7, 0, 0, 0, 0, 6, 6, 6, 6, 0, 9], [0, 7, 9, 3, 3, 3, 3, 3, 3, 0, 9, 9, 7, 0, 6, 6, 6, 6, 0, 7], [0, 9, 0, 3, 3, 3, 3, 3, 3, 3, 7, 0, 7, 6, 6, 6, 6, 6, 0, 0], [9, 0, 0, 7, 0, 9, 7, 7, 0, 7, 7, 0, 0, 0, 9, 6, 6, 6, 7, 7], [0, 0, 9, 7, 0, 9, 9, 0, 0, 7, 0, 0, 9, 0, 0, 6, 6, 6, 0, 7], [0, 9, 0, 9, 0, 0, 7, 0, 0, 9, 0, 0, 0, 0, 0, 9, 9, 0, 0, 0], [0, 9, 0, 0, 9, 7, 0, 0, 0, 9, 7, 0, 5, 5, 0, 7, 0, 0, 0, 0], [0, 7, 8, 8, 8, 8, 9, 9, 0, 7, 0, 0, 5, 7, 7, 0, 0, 9, 7, 7], [9, 0, 9, 8, 8, 8, 7, 7, 0, 7, 0, 0, 5, 0, 0, 9, 0, 7, 0, 0], [0, 0, 9, 8, 8, 8, 0, 9, 0, 9, 0, 0, 5, 5, 5, 0, 0, 9, 0, 9], [0, 0, 9, 8, 8, 8, 9, 0, 0, 0, 0, 9, 5, 5, 5, 7, 0, 0, 0, 9], [9, 0, 0, 8, 8, 8, 0, 7, 9, 9, 7, 0, 5, 5, 5, 5, 0, 0, 0, 7], [9, 9, 9, 7, 9, 8, 8, 0, 9, 7, 0, 5, 5, 5, 5, 5, 9, 0, 7, 0], [0, 0, 7, 7, 0, 7, 8, 0, 0, 0, 7, 5, 5, 5, 5, 5, 5, 9, 0, 9], [9, 7, 7, 0, 9, 0, 7, 9, 7, 0, 9, 5, 5, 5, 5, 5, 5, 0, 0, 9], [0, 7, 7, 0, 0, 7, 9, 0, 7, 0, 9, 7, 5, 5, 5, 5, 5, 9, 7, 9], [0, 0, 7, 7, 7, 0, 0, 9, 0, 9, 0, 0, 5, 5, 5, 5, 5, 0, 0, 0], [0, 0, 0, 0, 0, 7, 9, 0, 0, 0, 9, 9, 5, 5, 5, 0, 9, 0, 9, 0], [0, 0, 9, 0, 7, 0, 0, 9, 7, 0, 0, 7, 0, 0, 7, 9, 0, 0, 0, 0]]"
41,"`obj_color(state, object4, 4)`->`obj_color(state, object1, 4)`->`obj_color(state, object3, 4)`->`obj_color(state, object2, 4)`->obj_color(state, object5, 4)","[[0, 0, 0, 0, 0, 0, 0, 0, 0, 0, 0, 0, 0, 0, 0, 0, 0, 0, 0, 0, 0, 0, 0, 0], [0, 0, 0, 0, 0, 0, 0, 0, 0, 0, 0, 0, 0, 0, 0, 0, 0, 0, 0, 0, 0, 0, 0, 0], [0, 0, 4, 4, 4, 0, 0, 0, 0, 0, 0, 4, 4, 0, 0, 0, 0, 0, 0, 0, 0, 0, 0, 0], [0, 0, 4, 4, 0, 0, 0, 0, 0, 0, 0, 4, 4, 0, 0, 0, 0, 0, 0, 0, 0, 0, 0, 0], [0, 0, 0, 0, 0, 0, 0, 0, 0, 0, 0, 0, 0, 4, 0, 0, 0, 0, 0, 0, 0, 0, 0, 0], [0, 0, 0, 0, 0, 0, 0, 0, 0, 0, 0, 0, 0, 0, 0, 0, 0, 0, 0, 0, 0, 0, 0, 0], [0, 0, 0, 0, 0, 4, 0, 0, 0, 0, 0, 0, 0, 0, 0, 0, 0, 0, 0, 0, 0, 0, 0, 0], [0, 0, 0, 0, 4, 4, 4, 0, 0, 0, 0, 0, 0, 0, 0, 0, 0, 0, 0, 0, 0, 0, 0, 0], [0, 0, 0, 0, 0, 4, 0, 0, 0, 0, 0, 0, 0, 0, 0, 0, 0, 0, 0, 0, 0, 0, 0, 0], [0, 0, 0, 0, 0, 0, 0, 0, 0, 0, 0, 0, 0, 0, 0, 0, 0, 0, 0, 0, 0, 0, 0, 0], [0, 0, 0, 0, 0, 0, 0, 0, 0, 0, 0, 0, 0, 0, 0, 0, 0, 0, 0, 0, 0, 0, 0, 0], [0, 4, 4, 4, 4, 4, 4, 4, 4, 4, 4, 4, 4, 4, 4, 4, 0, 0, 0, 0, 0, 0, 0, 0], [0, 4, 4, 4, 4, 4, 4, 4, 4, 4, 4, 4, 4, 4, 4, 4, 0, 0, 0, 4, 4, 0, 0, 0], [0, 4, 4, 4, 4, 4, 4, 4, 4, 4, 4, 4, 4, 4, 4, 4, 0, 0, 0, 0, 4, 4, 0, 0], [0, 4, 4, 4, 4, 4, 4, 4, 4, 4, 4, 4, 4, 4, 4, 4, 0, 0, 0, 0, 4, 4, 0, 0], [0, 4, 4, 4, 4, 4, 4, 4, 4, 4, 4, 4, 4, 4, 4, 4, 0, 0, 0, 0, 0, 0, 0, 0], [0, 4, 4, 4, 4, 4, 4, 4, 4, 4, 4, 4, 4, 4, 4, 4, 0, 0, 0, 0, 0, 0, 0, 0], [0, 4, 4, 4, 4, 4, 4, 4, 4, 4, 4, 4, 4, 4, 4, 4, 0, 0, 0, 0, 0, 0, 0, 0], [0, 4, 4, 4, 4, 4, 4, 4, 4, 4, 4, 4, 4, 4, 4, 4, 0, 0, 0, 0, 0, 0, 0, 0], [0, 4, 4, 4, 4, 4, 4, 4, 4, 4, 4, 4, 4, 4, 4, 4, 0, 0, 0, 0, 0, 0, 0, 0], [0, 0, 0, 0, 0, 0, 0, 0, 0, 0, 0, 0, 0, 0, 0, 0, 0, 0, 0, 0, 0, 0, 0, 0], [0, 0, 0, 0, 0, 0, 0, 0, 0, 0, 0, 0, 0, 0, 0, 0, 0, 0, 0, 0, 0, 0, 0, 0], [0, 0, 0, 0, 0, 0, 0, 2, 2, 0, 0, 0, 0, 0, 0, 0, 0, 0, 0, 0, 0, 0, 0, 0], [0, 0, 0, 0, 0, 0, 2, 3, 2, 0, 0, 0, 0, 0, 0, 0, 0, 0, 0, 0, 0, 0, 0, 0], [0, 0, 0, 0, 0, 0, 2, 2, 0, 0, 0, 0, 0, 0, 0, 0, 0, 0, 0, 0, 0, 0, 0, 0], [0, 0, 0, 0, 0, 0, 0, 0, 0, 0, 0, 0, 0, 0, 0, 0, 0, 0, 0, 0, 0, 0, 0, 0]]"
42,"`vertical_line(state, 3, 3, 11, 3, 3)`->`vertical_line(state, 4, 5, 15, 5, 1)`->`horizontal_line(state, 3, 3, 3, 14, 2)`->`vertical_line(state, 4, 3, 15, 3, 4)`->`vertical_line(state, 2, 5, 9, 5, 5)`","[[0, 0, 0, 0, 0, 0, 0, 0, 0, 0, 0, 0], [0, 0, 0, 0, 0, 0, 0, 0, 0, 0, 0, 0], [0, 0, 0, 6, 1, 1, 0, 0, 0, 0, 0, 0], [0, 0, 0, 6, 7, 5, 0, 0, 0, 0, 0, 0], [0, 0, 0, 3, 3, 5, 0, 0, 0, 0, 0, 0], [0, 0, 0, 3, 0, 5, 0, 0, 0, 0, 0, 0], [0, 0, 0, 3, 0, 5, 0, 0, 0, 0, 0, 0], [0, 0, 0, 3, 0, 5, 0, 0, 0, 0, 0, 0], [0, 0, 0, 3, 0, 5, 0, 0, 0, 0, 0, 0], [0, 0, 0, 3, 0, 0, 0, 0, 0, 0, 0, 0], [0, 0, 0, 3, 0, 0, 0, 0, 0, 0, 0, 0], [0, 0, 0, 0, 0, 0, 0, 0, 0, 0, 0, 0]]"
43,"horizontal_line(state, 2, 1, 2, 10, 5)->vertical_line(state, 2, 7, 11, 7, 5)->horizontal_line(state, 5, 1, 5, 10, 5)->horizontal_line(state, 11, 7, 11, 10, 5)->horizontal_line(current_state, 11, 7, 11, 10, 5)","[[0, 0, 0, 0, 0, 0, 0, 0, 0, 0, 0, 0, 0], [0, 0, 0, 0, 0, 0, 0, 0, 0, 0, 0, 0, 0], [0, 0, 5, 5, 5, 5, 5, 5, 5, 5, 4, 0, 0], [0, 0, 0, 0, 0, 0, 0, 5, 0, 0, 0, 0, 0], [0, 0, 0, 0, 0, 0, 0, 5, 0, 0, 0, 0, 0], [0, 2, 5, 5, 5, 5, 5, 5, 5, 5, 0, 0, 0], [0, 0, 0, 0, 0, 0, 0, 5, 0, 0, 0, 0, 0], [0, 0, 0, 0, 0, 0, 0, 5, 0, 0, 0, 0, 0], [0, 0, 0, 0, 0, 0, 0, 5, 0, 0, 0, 0, 0], [0, 0, 0, 0, 0, 0, 0, 5, 0, 0, 0, 0, 0], [0, 0, 0, 0, 0, 0, 0, 5, 0, 0, 0, 0, 0], [0, 0, 0, 0, 0, 0, 0, 3, 5, 5, 0, 0, 0], [0, 0, 0, 0, 0, 0, 0, 0, 0, 0, 0, 0, 0]]"
44,"move_right(state, object1)->move_right(state, object3)->move_right(state, object2)->move_right(state, object1)->move_right(state, object3)","[[0, 0, 6], [0, 0, 4], [0, 0, 4]]"
45,"`move_right(state, object1)`->`move_right(current_state, object1)`->move_right(current_state, object1)->`move_down(state, object1)`->`move_right(state, object1)`","[[0, 0, 0], [0, 0, 0], [0, 0, 0]]"
46,"obj_color(state, object1, 6)->obj_color(state, object2, 6)->obj_color(state, object3, 5)->obj_color(state, object4, 5)->obj_color(state, object1, 6)","[[0, 0, 0, 0, 0, 0, 0, 0, 0, 0, 0, 0, 0, 0], [0, 0, 6, 0, 6, 0, 0, 6, 0, 6, 0, 0, 0, 0], [0, 0, 0, 6, 0, 0, 0, 0, 6, 0, 0, 0, 0, 0], [0, 0, 6, 6, 6, 0, 0, 6, 6, 6, 0, 0, 0, 0], [0, 0, 0, 0, 0, 0, 0, 0, 0, 0, 0, 0, 0, 0], [0, 0, 5, 5, 5, 0, 0, 5, 0, 5, 0, 0, 0, 0], [0, 0, 5, 0, 5, 0, 0, 0, 5, 0, 0, 0, 0, 0], [0, 0, 0, 0, 5, 0, 0, 5, 5, 5, 0, 0, 0, 0], [0, 0, 0, 0, 0, 0, 0, 0, 0, 0, 0, 0, 0, 0], [0, 0, 0, 0, 0, 0, 0, 0, 0, 0, 0, 0, 0, 0], [0, 0, 0, 0, 0, 0, 0, 0, 0, 0, 0, 0, 0, 0]]"
47,"`move_right(state, object5)`->`move_right(state, object17)`->`move_right(state, object17)`->`move_right(state, object16)`->`move_right(state, object14)`","[[0, 0, 0, 0, 0, 0, 0, 0, 0, 0, 0, 0, 0, 0, 0, 0, 0, 0, 0, 0, 0, 0, 0, 0, 0], [0, 1, 1, 1, 1, 1, 0, 8, 8, 8, 8, 8, 0, 3, 3, 3, 3, 3, 0, 7, 7, 7, 7, 7, 0], [0, 1, 0, 0, 0, 1, 0, 8, 0, 0, 0, 8, 0, 3, 0, 0, 3, 3, 0, 7, 0, 7, 0, 7, 0], [0, 1, 0, 0, 0, 1, 0, 8, 8, 8, 0, 8, 0, 3, 0, 0, 3, 3, 0, 7, 0, 7, 0, 7, 0], [0, 1, 0, 0, 0, 1, 0, 8, 0, 8, 0, 8, 0, 3, 3, 0, 0, 3, 0, 7, 0, 7, 0, 7, 0], [0, 1, 1, 1, 1, 1, 0, 8, 8, 8, 8, 8, 0, 3, 3, 3, 3, 3, 0, 7, 7, 7, 7, 7, 0], [0, 0, 0, 0, 0, 0, 0, 0, 0, 0, 0, 0, 0, 0, 0, 0, 0, 0, 0, 0, 0, 0, 0, 0, 0], [0, 6, 6, 6, 6, 6, 0, 2, 2, 2, 2, 2, 0, 1, 1, 1, 1, 1, 0, 2, 2, 2, 2, 2, 0], [0, 6, 0, 6, 0, 6, 0, 2, 0, 2, 0, 2, 0, 1, 0, 0, 0, 1, 0, 2, 0, 0, 0, 2, 0], [0, 6, 0, 6, 6, 6, 0, 2, 2, 2, 0, 2, 0, 1, 0, 0, 0, 1, 0, 2, 0, 0, 0, 2, 0], [0, 6, 0, 0, 0, 6, 0, 2, 0, 2, 0, 2, 0, 1, 0, 0, 0, 1, 0, 2, 0, 0, 0, 2, 0], [0, 6, 6, 6, 6, 6, 0, 2, 2, 2, 2, 2, 0, 1, 1, 1, 1, 1, 0, 2, 2, 2, 2, 2, 0], [0, 0, 0, 0, 0, 0, 0, 0, 0, 0, 0, 0, 0, 0, 0, 0, 0, 0, 0, 0, 0, 0, 0, 0, 0], [0, 8, 8, 8, 8, 8, 0, 4, 4, 4, 4, 4, 0, 3, 3, 3, 3, 3, 0, 2, 2, 2, 2, 2, 0], [0, 8, 0, 0, 0, 8, 0, 4, 0, 0, 0, 4, 0, 3, 0, 0, 0, 3, 0, 2, 0, 0, 0, 2, 0], [0, 8, 0, 0, 0, 8, 0, 4, 0, 0, 0, 4, 0, 3, 0, 0, 0, 3, 0, 2, 0, 0, 0, 2, 0], [0, 8, 0, 0, 0, 8, 0, 4, 0, 0, 0, 4, 0, 3, 0, 0, 0, 3, 0, 2, 0, 0, 0, 2, 0], [0, 8, 8, 8, 8, 8, 0, 4, 4, 4, 4, 4, 0, 3, 3, 3, 3, 3, 0, 2, 2, 2, 2, 2, 0], [0, 0, 0, 0, 0, 0, 0, 0, 0, 0, 0, 0, 0, 0, 0, 0, 0, 0, 0, 0, 0, 0, 0, 0, 0], [0, 0, 2, 2, 2, 2, 2, 8, 8, 8, 8, 8, 0, 0, 2, 2, 2, 2, 2, 0, 0, 6, 6, 6, 6], [0, 0, 2, 0, 0, 0, 2, 8, 0, 0, 0, 8, 0, 0, 2, 0, 0, 0, 2, 0, 0, 6, 0, 0, 0], [0, 0, 2, 0, 0, 0, 2, 8, 0, 0, 0, 8, 0, 0, 2, 0, 0, 0, 2, 0, 0, 6, 0, 0, 0], [0, 0, 2, 0, 0, 0, 2, 8, 0, 0, 0, 8, 0, 0, 2, 0, 0, 0, 2, 0, 0, 6, 0, 0, 0], [0, 0, 2, 2, 2, 2, 2, 8, 8, 8, 8, 8, 0, 0, 2, 2, 2, 2, 2, 0, 0, 6, 6, 6, 6], [0, 0, 0, 0, 0, 0, 0, 0, 0, 0, 0, 0, 0, 0, 0, 0, 0, 0, 0, 0, 0, 0, 0, 0, 0]]"
49,"obj_color(state, object2, 2)->`obj_color(state, object3, 8)`->`obj_color(state, object4, 6)`->obj_color(state, object7, 4)->obj_color(state, object5, 2)","[[0, 0, 0, 0, 0, 0, 8, 8, 0, 0, 0, 0, 0], [0, 0, 2, 0, 0, 8, 8, 8, 0, 8, 8, 0, 0], [0, 2, 2, 2, 0, 0, 8, 0, 8, 8, 8, 0, 0], [0, 0, 0, 0, 0, 0, 0, 0, 0, 8, 0, 0, 0], [0, 0, 0, 0, 0, 0, 6, 0, 0, 0, 0, 0, 0], [0, 0, 2, 0, 0, 6, 6, 6, 0, 0, 0, 0, 0], [0, 2, 2, 0, 0, 0, 6, 0, 0, 0, 0, 2, 0], [0, 0, 2, 0, 0, 0, 0, 0, 0, 0, 2, 2, 2], [0, 0, 0, 0, 0, 0, 4, 0, 0, 0, 0, 0, 0], [0, 0, 0, 0, 0, 4, 4, 0, 0, 0, 0, 6, 0], [0, 0, 1, 0, 0, 0, 4, 0, 0, 0, 6, 6, 6], [8, 0, 1, 0, 0, 0, 0, 0, 0, 0, 0, 6, 0], [8, 0, 0, 0, 0, 0, 0, 0, 0, 0, 0, 0, 0]]"
50,`complete(state)`->`complete([[7]])`->complete([[7]])->`complete([[7]])`->complete([[7]]),"[[0, 0, 0, 3, 3, 0, 0, 0, 0, 7, 0, 0, 0], [0, 0, 0, 3, 3, 0, 0, 0, 0, 7, 0, 0, 0], [1, 1, 1, 3, 3, 1, 1, 1, 1, 7, 1, 1, 1], [1, 1, 1, 3, 3, 1, 1, 1, 1, 7, 1, 1, 1], [0, 0, 0, 3, 3, 0, 0, 0, 0, 7, 0, 0, 0], [0, 0, 0, 3, 3, 0, 0, 0, 0, 7, 0, 0, 0], [6, 6, 6, 6, 6, 6, 6, 6, 6, 7, 6, 6, 6], [0, 0, 0, 3, 3, 0, 0, 0, 0, 7, 0, 0, 0], [0, 0, 0, 3, 3, 0, 0, 0, 0, 7, 0, 0, 0], [0, 0, 0, 3, 3, 0, 0, 0, 0, 7, 0, 0, 0], [0, 0, 0, 3, 3, 0, 0, 0, 0, 7, 0, 0, 0]]"
51,"obj_color(state, object1, 1)->obj_color(state, object2, 1)->obj_color(state, object3, 1)->obj_color(state, object4, 1)->obj_color(state, object5, 1)","[[0, 1, 1, 1, 1, 1, 0, 0, 0, 0, 0, 0, 0, 0, 0, 0, 0, 0, 0], [0, 1, 1, 1, 0, 1, 0, 0, 0, 1, 1, 1, 1, 1, 0, 0, 0, 0, 0], [0, 1, 1, 1, 1, 1, 0, 0, 0, 1, 0, 1, 0, 1, 0, 0, 0, 0, 0], [0, 1, 0, 1, 1, 1, 0, 0, 0, 1, 1, 1, 1, 1, 0, 0, 0, 0, 0], [0, 1, 1, 1, 1, 1, 0, 0, 0, 1, 1, 1, 1, 1, 0, 0, 0, 0, 0], [0, 0, 0, 0, 0, 0, 0, 0, 0, 1, 1, 1, 1, 1, 0, 0, 0, 0, 0], [0, 0, 0, 0, 0, 0, 0, 0, 0, 0, 0, 0, 0, 0, 0, 0, 0, 0, 0], [1, 1, 1, 1, 1, 0, 0, 0, 0, 0, 0, 0, 0, 0, 1, 1, 1, 1, 1], [1, 0, 1, 0, 1, 0, 0, 0, 0, 0, 0, 0, 0, 0, 1, 0, 1, 1, 1], [1, 1, 1, 1, 1, 0, 0, 1, 1, 1, 1, 1, 0, 0, 1, 1, 1, 0, 1], [1, 0, 1, 0, 1, 0, 0, 1, 1, 1, 0, 1, 0, 0, 1, 1, 1, 1, 1], [1, 1, 1, 1, 1, 0, 0, 1, 0, 1, 1, 1, 0, 0, 1, 1, 1, 1, 1], [0, 0, 0, 0, 0, 0, 0, 1, 1, 1, 1, 1, 0, 0, 0, 0, 0, 0, 0], [0, 0, 0, 0, 0, 0, 0, 1, 1, 1, 1, 1, 0, 0, 0, 0, 0, 0, 0], [0, 0, 0, 0, 0, 0, 0, 0, 0, 0, 0, 0, 0, 0, 0, 0, 0, 0, 0], [0, 0, 0, 0, 0, 0, 0, 0, 0, 0, 0, 0, 0, 0, 0, 0, 0, 0, 0], [0, 0, 0, 0, 0, 0, 0, 0, 0, 0, 0, 0, 0, 0, 0, 0, 0, 0, 0]]"
52,"obj_color(state, object1, 4)->obj_color(state, object2, 8)->obj_color(state, object2, 8)->obj_color(state, object2, 8)->obj_color(state, object2, 8)","[[4, 4, 4, 4, 4, 4, 4, 4, 4, 4, 4, 4, 4, 4, 4, 4, 4, 4, 4, 4, 4, 4, 4, 4, 4, 4, 4, 4, 4, 4], [4, 4, 4, 4, 4, 4, 4, 4, 4, 4, 4, 4, 4, 4, 4, 4, 4, 4, 4, 4, 4, 4, 4, 4, 4, 4, 4, 4, 4, 4], [4, 4, 4, 4, 4, 4, 4, 4, 4, 4, 4, 4, 4, 4, 4, 4, 4, 4, 4, 4, 4, 4, 4, 4, 4, 4, 4, 4, 4, 4], [4, 4, 4, 4, 4, 4, 4, 4, 4, 4, 4, 4, 4, 4, 4, 4, 4, 4, 4, 4, 4, 4, 4, 4, 4, 4, 4, 4, 4, 4], [4, 4, 4, 4, 4, 4, 4, 4, 4, 4, 4, 4, 4, 4, 4, 4, 4, 4, 4, 4, 4, 4, 4, 4, 4, 4, 4, 4, 4, 4], [4, 4, 4, 4, 4, 4, 4, 4, 4, 4, 4, 4, 4, 4, 4, 4, 4, 4, 4, 4, 4, 4, 4, 4, 4, 4, 4, 4, 4, 4], [4, 4, 4, 4, 4, 4, 4, 4, 4, 4, 4, 4, 4, 4, 4, 4, 4, 4, 4, 4, 4, 4, 4, 4, 4, 4, 4, 4, 4, 4], [4, 4, 4, 4, 4, 4, 4, 4, 4, 4, 4, 4, 4, 4, 4, 4, 4, 4, 4, 4, 4, 4, 4, 4, 4, 4, 4, 4, 4, 4], [4, 4, 4, 4, 4, 4, 4, 4, 4, 4, 4, 4, 4, 4, 4, 4, 4, 4, 4, 4, 4, 4, 4, 4, 4, 4, 4, 4, 4, 4], [4, 4, 4, 4, 4, 4, 4, 4, 4, 4, 4, 4, 4, 4, 4, 4, 4, 4, 4, 4, 4, 4, 4, 4, 4, 4, 4, 4, 4, 4], [4, 4, 4, 4, 4, 4, 4, 4, 4, 4, 4, 4, 4, 4, 4, 4, 4, 4, 4, 4, 4, 4, 4, 4, 4, 4, 4, 4, 4, 4], [4, 4, 4, 4, 4, 4, 4, 4, 4, 4, 4, 4, 4, 4, 4, 4, 4, 4, 4, 4, 4, 4, 4, 4, 4, 4, 4, 4, 4, 4], [4, 4, 4, 4, 4, 4, 4, 4, 4, 4, 4, 4, 4, 4, 4, 4, 4, 4, 4, 4, 4, 4, 4, 4, 4, 4, 4, 4, 4, 4], [4, 4, 4, 4, 4, 4, 4, 4, 4, 4, 4, 4, 4, 4, 4, 4, 4, 4, 4, 4, 4, 4, 4, 4, 4, 4, 4, 4, 4, 4], [4, 4, 4, 4, 4, 4, 4, 4, 4, 4, 4, 4, 4, 4, 4, 4, 4, 4, 4, 4, 4, 4, 4, 4, 4, 4, 4, 4, 4, 4], [4, 4, 4, 4, 4, 4, 4, 4, 4, 4, 4, 4, 4, 4, 4, 4, 4, 4, 4, 4, 4, 4, 4, 4, 4, 4, 4, 4, 4, 4], [4, 4, 4, 4, 4, 4, 4, 4, 4, 4, 4, 4, 4, 4, 4, 4, 4, 4, 4, 4, 4, 4, 4, 4, 4, 4, 4, 4, 4, 4], [4, 4, 4, 4, 4, 4, 4, 4, 4, 4, 4, 4, 4, 4, 4, 4, 4, 4, 4, 4, 4, 4, 4, 4, 4, 4, 4, 4, 4, 4], [4, 4, 4, 4, 4, 4, 4, 4, 4, 4, 4, 4, 4, 4, 4, 4, 4, 4, 4, 4, 4, 4, 4, 4, 4, 4, 4, 4, 4, 8], [4, 4, 4, 4, 4, 4, 4, 4, 4, 4, 4, 4, 4, 4, 4, 4, 4, 4, 4, 4, 4, 4, 4, 4, 4, 4, 4, 4, 4, 8], [4, 4, 4, 4, 4, 4, 4, 4, 4, 4, 4, 4, 4, 4, 4, 4, 4, 4, 4, 4, 4, 4, 4, 4, 4, 4, 4, 4, 4, 4], [4, 4, 4, 4, 4, 4, 4, 4, 4, 4, 4, 4, 4, 4, 4, 4, 4, 4, 4, 4, 4, 4, 4, 4, 4, 4, 4, 4, 4, 4], [4, 4, 4, 4, 4, 4, 4, 4, 4, 4, 4, 4, 4, 4, 4, 4, 4, 4, 4, 4, 4, 4, 4, 4, 4, 4, 4, 4, 4, 4], [4, 4, 4, 4, 4, 4, 4, 4, 4, 4, 4, 4, 4, 4, 4, 4, 4, 4, 4, 4, 4, 4, 4, 4, 4, 4, 4, 4, 4, 4], [4, 4, 4, 4, 4, 4, 4, 4, 4, 4, 4, 4, 4, 4, 4, 4, 4, 4, 4, 4, 4, 4, 4, 4, 4, 4, 4, 4, 4, 4], [4, 4, 4, 4, 4, 4, 4, 4, 4, 4, 4, 4, 4, 4, 4, 4, 4, 4, 4, 4, 4, 4, 4, 4, 4, 4, 4, 4, 4, 4], [4, 4, 4, 4, 4, 4, 4, 4, 4, 4, 4, 4, 4, 4, 4, 4, 4, 4, 4, 4, 4, 4, 4, 4, 4, 4, 4, 4, 4, 4], [4, 4, 4, 4, 4, 4, 4, 4, 4, 4, 4, 4, 4, 4, 4, 4, 4, 4, 4, 4, 4, 4, 4, 4, 4, 4, 4, 4, 4, 4], [4, 4, 4, 4, 4, 4, 4, 4, 4, 4, 4, 4, 4, 4, 4, 4, 4, 4, 4, 4, 4, 4, 4, 4, 4, 4, 4, 4, 4, 4], [4, 4, 4, 4, 4, 4, 4, 4, 4, 4, 4, 4, 4, 4, 4, 4, 4, 4, 4, 4, 4, 4, 4, 4, 4, 4, 4, 4, 4, 4]]"
53,"X_line(state, 1, 1, 3)->horizontal_flip(state)->vertical_flip(state)->vertical_flip([[3, 3, 3], [0, 3, 3], [3, 0, 3]])->complete([[3, 3, 3], [0, 3, 3], [3, 0, 3]])","[[3, 3, 3], [0, 3, 3], [3, 0, 3]]"
54,"horizontal_line(state, 0, 0, 0, 14, 8)->horizontal_line(state, 14, 0, 14, 14, 8)->vertical_line(state, 1, 0, 13, 0, 8)->vertical_line(state, 1, 14, 13, 14, 8)->horizontal_line(state, 4, 0, 4, 14, 2)","[[0, 8, 8, 8, 8, 8, 8, 8, 8, 8, 8, 8, 8, 8, 0], [0, 0, 0, 0, 0, 0, 0, 0, 0, 0, 0, 0, 0, 0, 0], [8, 0, 0, 8, 0, 0, 0, 0, 0, 0, 0, 0, 0, 0, 8], [8, 0, 0, 0, 0, 0, 0, 0, 0, 0, 0, 0, 0, 0, 8], [8, 2, 2, 2, 2, 2, 2, 2, 2, 2, 2, 2, 2, 2, 8], [8, 0, 0, 0, 0, 0, 0, 0, 0, 0, 0, 0, 0, 0, 8], [8, 0, 0, 0, 0, 0, 0, 0, 0, 0, 0, 0, 0, 0, 8], [8, 0, 0, 0, 0, 0, 0, 0, 0, 0, 0, 0, 0, 0, 8], [8, 0, 0, 0, 0, 0, 0, 0, 0, 0, 0, 0, 0, 0, 8], [8, 0, 0, 0, 0, 0, 0, 0, 0, 0, 0, 1, 0, 0, 8], [8, 0, 0, 0, 0, 0, 0, 0, 0, 0, 0, 0, 0, 0, 8], [8, 0, 0, 0, 0, 0, 0, 0, 0, 0, 0, 0, 0, 0, 8], [8, 0, 0, 0, 0, 0, 0, 0, 0, 3, 0, 0, 0, 0, 8], [0, 0, 0, 0, 0, 0, 0, 0, 0, 0, 0, 0, 0, 0, 0], [0, 8, 8, 8, 8, 8, 8, 8, 8, 8, 8, 8, 8, 8, 0]]"
55,"horizontal_flip(state)->vertical_flip([[7, 6, 9], [7, 7, 8], [7, 8, 2]])->vertical_flip([[7, 6, 9], [7, 7, 8], [7, 8, 2]])->horizontal_flip(vertical_flip(horizontal_flip(state)))->horizontal_flip(vertical_flip(horizontal_flip(state)))","[[7, 6, 9], [7, 7, 8], [7, 8, 2]]"
56,"obj_color(state, object1, 2)->obj_color(state, object2, 2)->obj_color(state, object3, 2)->obj_color(state, object4, 2)->obj_color(state, object5, 2)","[[2, 2, 2, 0, 2, 2, 2, 0, 2, 2, 2, 0, 2, 2, 2, 0, 2, 2, 2], [2, 2, 2, 0, 2, 2, 2, 0, 2, 0, 2, 0, 2, 0, 2, 0, 2, 0, 2], [2, 2, 2, 0, 2, 2, 2, 0, 2, 2, 2, 0, 2, 2, 2, 0, 2, 2, 2], [2, 2, 2, 0, 2, 2, 2, 0, 2, 2, 2, 0, 2, 0, 2, 0, 2, 2, 2], [2, 2, 2, 0, 2, 2, 2, 0, 2, 2, 2, 0, 2, 2, 2, 0, 2, 2, 2], [2, 0, 2, 0, 2, 2, 2, 0, 2, 0, 2, 0, 2, 0, 2, 0, 2, 0, 2], [2, 2, 2, 0, 2, 2, 2, 0, 2, 2, 2, 0, 2, 2, 2, 0, 2, 2, 2], [2, 2, 2, 0, 2, 0, 2, 0, 2, 0, 2, 0, 2, 0, 2, 0, 2, 0, 2], [2, 2, 2, 0, 2, 2, 2, 0, 2, 2, 2, 0, 2, 2, 2, 0, 2, 2, 2], [2, 0, 2, 0, 2, 2, 2, 0, 2, 2, 2, 0, 2, 0, 2, 0, 2, 0, 2], [2, 2, 2, 0, 2, 2, 2, 0, 2, 2, 2, 0, 2, 2, 2, 0, 2, 2, 2]]"
58,rotate_right_state(state)->rotate_right_state(current_state)->rotate_right_state(current_state)->rotate_right_state(current_state)->rotate_right_state(current_state),"[[1, 1, 1, 1, 1, 1, 1, 1, 1, 1, 1, 1, 1, 1, 1, 1], [1, 1, 1, 1, 1, 1, 1, 1, 1, 1, 1, 1, 1, 1, 1, 1], [1, 1, 1, 1, 1, 1, 1, 1, 1, 2, 2, 2, 2, 2, 2, 1], [1, 1, 6, 1, 1, 1, 1, 1, 1, 2, 2, 2, 2, 2, 2, 1], [1, 1, 6, 1, 1, 1, 1, 1, 1, 2, 2, 2, 2, 2, 2, 1], [1, 1, 1, 1, 1, 1, 1, 1, 1, 2, 2, 2, 2, 2, 2, 1], [1, 1, 1, 1, 1, 1, 1, 3, 3, 3, 3, 2, 2, 2, 2, 1], [1, 1, 1, 1, 1, 1, 1, 3, 3, 3, 3, 2, 2, 2, 2, 1], [1, 1, 1, 1, 8, 8, 1, 3, 3, 3, 3, 2, 2, 2, 2, 1], [1, 1, 1, 1, 8, 8, 1, 3, 3, 3, 3, 2, 2, 2, 2, 1], [1, 1, 1, 1, 8, 8, 1, 1, 1, 2, 2, 2, 2, 2, 2, 1], [1, 1, 1, 1, 1, 1, 1, 1, 1, 2, 2, 2, 2, 2, 2, 1], [1, 1, 1, 1, 1, 1, 1, 1, 1, 1, 1, 1, 1, 1, 1, 1], [1, 1, 1, 1, 1, 1, 1, 1, 1, 1, 1, 1, 1, 1, 1, 1], [1, 1, 1, 1, 1, 1, 1, 1, 1, 1, 1, 1, 1, 1, 1, 1], [1, 1, 1, 1, 1, 1, 1, 1, 1, 1, 1, 1, 1, 1, 1, 1]]"
59,"X_line(state, 8, 2, 6)->X_line(state, 8, 4, 6)->X_line(state, 8, 0, 2)->X_line(state, 8, 5, 2)->X_line(state, 8, 7, 4)","[[8, 8, 0, 0, 0, 0, 0, 0, 2, 0], [4, 0, 0, 0, 0, 0, 0, 2, 0, 6], [0, 4, 0, 0, 0, 0, 2, 0, 6, 0], [2, 0, 4, 0, 0, 2, 0, 6, 0, 6], [6, 2, 0, 4, 2, 0, 6, 0, 6, 2], [0, 6, 2, 2, 4, 6, 0, 6, 2, 0], [6, 5, 2, 2, 6, 4, 6, 2, 5, 4], [0, 2, 0, 6, 2, 6, 4, 0, 4, 0], [2, 3, 6, 4, 6, 2, 4, 4, 3, 9], [0, 2, 0, 6, 2, 6, 4, 0, 4, 0]]"
61,"obj_color(state, object5, 7)->obj_color(state, object8, 7)->obj_color(state, object7, 7)->obj_color(state, object14, 7)->obj_color(state, object6, 7)","[[1, 0, 1, 4, 1, 0, 0, 4, 0, 1, 1, 4, 0, 1, 0, 4, 4, 4, 4, 4, 4, 4, 4], [1, 0, 0, 4, 0, 0, 0, 4, 0, 0, 1, 4, 1, 1, 1, 4, 0, 0, 0, 0, 7, 7, 4], [0, 1, 0, 4, 0, 0, 0, 4, 0, 0, 0, 4, 1, 1, 0, 4, 0, 0, 0, 0, 7, 7, 4], [4, 4, 4, 4, 4, 4, 4, 4, 4, 4, 4, 4, 4, 4, 4, 4, 7, 7, 7, 7, 7, 7, 4], [0, 0, 0, 4, 0, 0, 0, 4, 1, 1, 1, 4, 0, 0, 0, 4, 7, 7, 7, 7, 7, 7, 4], [0, 1, 0, 4, 1, 0, 0, 4, 0, 1, 1, 4, 0, 1, 1, 4, 7, 7, 0, 0, 0, 0, 4], [1, 0, 0, 4, 1, 0, 1, 4, 1, 0, 0, 4, 0, 1, 0, 4, 7, 7, 0, 0, 0, 0, 4], [4, 4, 4, 4, 4, 4, 4, 4, 4, 4, 4, 4, 4, 4, 4, 4, 4, 4, 4, 4, 4, 4, 4], [7, 0, 0, 4, 0, 0, 1, 4, 1, 1, 0, 4, 1, 1, 0, 4, 0, 0, 1, 4, 1, 1, 0], [7, 0, 0, 4, 1, 1, 1, 4, 0, 0, 0, 4, 1, 1, 0, 4, 1, 0, 1, 4, 1, 0, 0], [0, 0, 0, 4, 1, 0, 0, 4, 1, 1, 0, 4, 1, 0, 1, 4, 1, 0, 0, 4, 1, 0, 0], [4, 4, 4, 4, 4, 4, 4, 4, 4, 4, 4, 4, 4, 4, 4, 4, 4, 4, 4, 4, 4, 4, 4], [7, 0, 7, 4, 0, 0, 0, 4, 1, 0, 1, 4, 1, 1, 0, 4, 0, 0, 0, 4, 0, 0, 7], [7, 0, 0, 4, 0, 0, 0, 4, 0, 0, 1, 4, 1, 1, 1, 4, 1, 1, 0, 4, 0, 0, 0], [0, 7, 7, 4, 0, 1, 0, 4, 1, 0, 1, 4, 0, 0, 1, 4, 1, 0, 0, 4, 1, 0, 0], [4, 4, 4, 4, 4, 4, 4, 4, 4, 4, 4, 4, 4, 4, 4, 4, 4, 4, 4, 4, 4, 4, 4], [0, 0, 0, 4, 1, 1, 0, 4, 1, 0, 0, 4, 0, 0, 0, 4, 1, 0, 0, 4, 0, 1, 0], [0, 0, 1, 4, 0, 1, 0, 4, 1, 0, 0, 4, 1, 0, 0, 4, 1, 1, 0, 4, 1, 0, 0], [1, 1, 0, 4, 0, 0, 0, 4, 1, 0, 0, 4, 1, 0, 1, 4, 0, 0, 0, 4, 0, 1, 0], [4, 4, 4, 4, 4, 4, 4, 4, 4, 4, 4, 4, 4, 4, 4, 4, 4, 4, 4, 4, 4, 7, 7], [0, 1, 1, 4, 0, 0, 1, 4, 1, 0, 1, 4, 0, 1, 0, 4, 1, 1, 0, 4, 0, 1, 0], [0, 0, 0, 4, 1, 1, 1, 4, 1, 1, 1, 4, 0, 1, 1, 4, 1, 0, 1, 4, 1, 1, 0], [0, 0, 0, 4, 1, 0, 1, 4, 1, 1, 1, 4, 0, 0, 0, 4, 1, 0, 0, 4, 0, 1, 0]]"
62,"`rotate_right_obj(state, object1)`->`rotate_right_obj([[0, 0, 0, 0, 1, 0, 0, 0, 0, 0, 0], [0, 0, 0, 1, 1, 1, 0, 0, 0, 0, 0], [0, 7, 0, 0, 1, 0, 0, 0, 0, 0, 0], [0, 0, 0, 0, 0, 0, 0, 0, 0, 0, 0], [0, 6, 0, 0, 0, 0, 0, 0, 0, 0, 0], [0, 0, 0, 0, 0, 0, 0, 0, 0, 0, 0], [0, 3, 0, 0, 0, 0, 0, 0, 0, 0, 0], [0, 0, 0, 0, 0, 0, 0, 0, 0, 0, 0], [0, 2, 0, 0, 0, 0, 0, 0, 0, 0, 0]], [[0, 4], [1, 3], [1, 4], [1, 5], [2, 4]])`->`rotate_right_obj(current_state, object1)`->rotate_right_obj(current_state, object1)->rotate_right_obj(current_state, object1)","[[0, 0, 0, 0, 0, 0, 0, 0, 0, 0, 0], [0, 1, 1, 0, 0, 0, 0, 0, 0, 0, 0], [1, 1, 0, 0, 0, 0, 0, 0, 0, 0, 0], [1, 1, 0, 0, 0, 0, 0, 0, 0, 0, 0], [0, 0, 0, 0, 0, 0, 0, 0, 0, 0, 0], [0, 0, 0, 0, 0, 0, 0, 0, 0, 0, 0], [0, 0, 2, 0, 8, 0, 3, 0, 6, 0, 0], [0, 0, 0, 0, 0, 0, 0, 0, 0, 0, 0], [0, 0, 0, 0, 0, 0, 0, 0, 0, 0, 0], [0, 0, 0, 0, 0, 0, 0, 0, 0, 0, 0], [0, 0, 0, 0, 0, 0, 0, 0, 0, 0, 0]]"
63,"rotate_right_obj(state, object3)->rotate_right_obj(state, object4)->rotate_right_obj(state, object5)->rotate_right_obj(state, object6)->rotate_right_obj(state, object7)","[[1, 1, 1, 1, 1, 1, 1, 1, 1, 1, 0, 1, 1, 1, 1, 1, 1, 1, 1, 0, 1, 1, 1, 1, 1], [1, 2, 8, 1, 5, 5, 1, 8, 2, 1, 0, 8, 1, 5, 5, 1, 8, 2, 1, 0, 8, 1, 5, 5, 1], [1, 5, 2, 1, 8, 8, 1, 2, 5, 1, 5, 2, 1, 8, 8, 1, 2, 5, 1, 5, 2, 1, 8, 8, 1], [1, 1, 1, 1, 1, 1, 1, 1, 1, 1, 1, 1, 1, 1, 1, 1, 1, 1, 1, 1, 1, 1, 1, 1, 1], [1, 8, 5, 1, 2, 2, 1, 5, 8, 1, 8, 5, 1, 2, 2, 1, 5, 8, 1, 8, 5, 1, 2, 2, 1], [1, 8, 5, 1, 2, 2, 1, 5, 8, 1, 8, 5, 1, 2, 2, 1, 5, 8, 1, 8, 5, 1, 2, 2, 1], [1, 1, 1, 1, 1, 1, 1, 1, 1, 1, 1, 1, 1, 1, 1, 1, 1, 1, 1, 1, 1, 1, 1, 1, 1], [1, 5, 2, 1, 8, 8, 1, 2, 5, 1, 5, 2, 1, 8, 8, 1, 2, 5, 1, 5, 2, 1, 8, 8, 1], [0, 0, 8, 1, 5, 5, 0, 0, 0, 0, 2, 8, 1, 5, 5, 1, 8, 2, 1, 2, 8, 1, 5, 5, 1], [1, 1, 1, 1, 1, 1, 0, 0, 0, 0, 1, 1, 1, 1, 1, 1, 1, 1, 1, 1, 1, 1, 1, 1, 1], [1, 2, 8, 1, 5, 5, 0, 0, 0, 0, 2, 8, 1, 5, 5, 1, 8, 2, 1, 2, 8, 1, 5, 5, 1], [1, 5, 2, 1, 8, 8, 0, 0, 0, 0, 5, 2, 1, 8, 8, 1, 2, 5, 1, 5, 2, 1, 8, 8, 1], [1, 1, 1, 1, 1, 1, 0, 0, 0, 0, 0, 0, 1, 1, 1, 1, 1, 1, 1, 1, 1, 1, 1, 1, 1], [1, 8, 5, 1, 2, 0, 0, 0, 0, 0, 0, 0, 1, 2, 2, 1, 5, 8, 1, 8, 5, 1, 0, 0, 1], [1, 8, 5, 1, 2, 0, 0, 0, 0, 0, 8, 5, 1, 2, 2, 1, 5, 8, 1, 8, 5, 1, 0, 0, 1], [1, 1, 1, 1, 1, 0, 0, 0, 0, 0, 1, 1, 1, 1, 1, 1, 1, 1, 1, 1, 1, 1, 0, 0, 1], [1, 5, 2, 1, 8, 8, 1, 2, 5, 1, 5, 0, 0, 0, 0, 1, 2, 5, 1, 5, 2, 1, 0, 0, 1], [0, 0, 8, 1, 5, 5, 1, 8, 2, 1, 2, 0, 0, 0, 0, 1, 8, 2, 1, 2, 8, 1, 0, 0, 1], [1, 1, 1, 1, 1, 1, 1, 1, 1, 1, 1, 0, 0, 0, 0, 1, 1, 1, 1, 1, 1, 1, 0, 0, 1], [1, 2, 8, 1, 5, 5, 1, 8, 2, 1, 2, 0, 0, 0, 0, 1, 8, 2, 1, 2, 8, 1, 5, 5, 1], [1, 5, 2, 1, 8, 8, 1, 2, 5, 1, 5, 0, 0, 0, 0, 1, 2, 5, 1, 5, 2, 1, 8, 8, 1], [1, 1, 1, 1, 1, 1, 1, 1, 1, 1, 1, 1, 1, 1, 1, 1, 1, 1, 1, 1, 1, 1, 1, 1, 1], [1, 8, 5, 1, 2, 2, 1, 5, 8, 1, 8, 5, 1, 2, 2, 1, 5, 8, 1, 8, 5, 1, 2, 2, 1], [1, 8, 5, 1, 2, 2, 1, 5, 8, 1, 8, 5, 1, 2, 2, 1, 5, 8, 1, 8, 5, 1, 2, 2, 1], [1, 1, 1, 1, 1, 1, 1, 1, 1, 1, 1, 1, 1, 1, 1, 1, 1, 1, 1, 1, 1, 1, 1, 1, 1]]"
64,"obj_color(state, object1, 1)->obj_color(state, object3, 8)->obj_color(state, object18, 4)->obj_color(state, object26, 7)->obj_color(state, object2, 1)","[[0, 0, 0, 0, 0, 0, 0, 0, 0, 0, 0, 0, 0, 0, 0, 0, 0, 0, 0, 0, 0, 0, 0, 0], [0, 0, 0, 1, 1, 1, 1, 1, 1, 1, 0, 0, 0, 1, 0, 0, 8, 8, 8, 8, 8, 8, 0, 1], [0, 0, 0, 1, 0, 0, 0, 0, 0, 1, 1, 1, 0, 0, 0, 0, 8, 0, 0, 0, 0, 8, 0, 0], [0, 0, 0, 1, 0, 6, 0, 0, 8, 0, 0, 1, 0, 0, 0, 0, 8, 0, 0, 6, 0, 8, 0, 0], [0, 0, 0, 1, 0, 0, 1, 0, 0, 0, 0, 1, 0, 0, 8, 8, 8, 0, 0, 0, 0, 8, 0, 0], [0, 1, 1, 1, 0, 0, 0, 0, 0, 0, 1, 1, 0, 0, 8, 0, 0, 0, 0, 8, 0, 8, 0, 0], [0, 1, 0, 0, 1, 0, 6, 0, 0, 0, 0, 1, 0, 0, 8, 8, 0, 0, 0, 0, 0, 8, 0, 0], [0, 1, 0, 0, 0, 0, 0, 1, 1, 1, 1, 1, 0, 0, 8, 0, 0, 0, 8, 0, 0, 8, 0, 0], [0, 1, 0, 0, 0, 0, 0, 1, 0, 0, 0, 0, 0, 0, 8, 0, 0, 0, 0, 1, 0, 8, 0, 0], [0, 1, 1, 1, 1, 1, 1, 1, 0, 0, 0, 0, 0, 0, 8, 0, 0, 0, 0, 0, 0, 8, 0, 0], [0, 0, 0, 0, 0, 0, 0, 0, 0, 0, 0, 1, 0, 0, 8, 8, 8, 8, 0, 0, 0, 8, 0, 0], [0, 0, 0, 1, 0, 0, 0, 0, 0, 0, 0, 0, 0, 0, 0, 0, 0, 8, 0, 8, 0, 8, 0, 0], [0, 3, 0, 0, 0, 0, 0, 0, 0, 0, 0, 0, 0, 0, 0, 0, 0, 8, 0, 0, 0, 8, 0, 0], [0, 0, 0, 0, 0, 0, 0, 4, 4, 4, 4, 4, 0, 0, 0, 0, 0, 8, 8, 8, 8, 8, 0, 0], [0, 0, 0, 0, 0, 0, 0, 4, 0, 0, 0, 4, 0, 0, 1, 0, 0, 0, 0, 0, 0, 0, 0, 0], [0, 0, 4, 4, 4, 4, 4, 4, 0, 8, 0, 4, 0, 0, 0, 0, 3, 0, 0, 0, 0, 0, 0, 0], [0, 0, 4, 0, 0, 0, 0, 0, 0, 0, 0, 4, 0, 0, 0, 0, 0, 0, 0, 0, 0, 0, 0, 1], [0, 0, 4, 0, 4, 0, 0, 0, 0, 3, 0, 4, 0, 0, 0, 0, 0, 0, 0, 0, 0, 0, 0, 0], [0, 0, 4, 0, 0, 0, 4, 0, 0, 0, 0, 4, 0, 0, 0, 7, 7, 7, 7, 7, 7, 7, 0, 0], [0, 0, 4, 0, 3, 0, 0, 0, 0, 4, 0, 4, 0, 0, 0, 7, 0, 0, 0, 0, 0, 7, 0, 0], [0, 0, 4, 0, 0, 0, 0, 0, 0, 0, 0, 4, 0, 0, 0, 7, 0, 2, 0, 1, 0, 7, 0, 0], [0, 0, 4, 0, 0, 4, 4, 4, 4, 0, 0, 4, 0, 0, 0, 7, 0, 0, 0, 0, 0, 7, 0, 0], [0, 0, 4, 4, 4, 4, 0, 0, 4, 4, 4, 4, 0, 0, 0, 7, 0, 1, 0, 0, 0, 0, 0, 0], [0, 0, 0, 0, 0, 0, 0, 0, 0, 0, 0, 0, 0, 0, 0, 7, 7, 7, 7, 7, 0, 0, 0, 0], [0, 0, 0, 0, 0, 3, 0, 0, 0, 0, 0, 0, 0, 0, 0, 0, 0, 0, 0, 0, 0, 0, 0, 0], [0, 0, 0, 0, 0, 0, 0, 0, 0, 0, 1, 0, 0, 0, 0, 0, 0, 0, 0, 0, 3, 0, 0, 0]]"
65,"`obj_color(input_grid, object1, 1)`->`obj_color(current_state, object2, 1)`->`obj_color(current_state, object2, 1)`->`obj_color(current_state, object5, 2)`->`obj_color(current_state, object3, 2)`","[[0, 0, 0, 0, 0], [0, 1, 1, 0, 0], [0, 1, 1, 0, 0], [1, 0, 0, 0, 0], [0, 0, 0, 0, 2], [3, 3, 0, 0, 0], [3, 3, 0, 2, 2], [0, 0, 0, 2, 2]]"
66,"`vertical_flip(state)`->`vertical_flip_obj(state, object2)`->`horizontal_flip_obj(state, object2)`->vertical_flip_obj(state, object1)->horizontal_flip_obj(state, object1)","[[0, 0, 0, 0, 0, 0, 0, 0, 1, 0, 0, 0, 0, 0, 0, 0], [0, 0, 0, 0, 0, 0, 0, 0, 1, 0, 0, 0, 0, 0, 0, 0], [0, 0, 0, 0, 0, 0, 0, 0, 1, 0, 0, 0, 0, 0, 0, 0], [0, 0, 0, 0, 0, 0, 0, 0, 1, 0, 0, 0, 0, 0, 0, 0], [0, 0, 0, 0, 0, 0, 0, 0, 1, 0, 0, 0, 0, 0, 0, 0], [0, 0, 0, 0, 0, 0, 0, 0, 1, 0, 0, 0, 0, 0, 0, 0], [0, 0, 0, 0, 0, 0, 0, 0, 1, 0, 0, 0, 0, 0, 0, 0], [0, 0, 2, 0, 0, 2, 0, 0, 1, 0, 0, 0, 0, 0, 0, 0], [0, 0, 8, 8, 8, 8, 0, 0, 1, 0, 0, 0, 0, 0, 0, 0], [0, 0, 2, 0, 0, 2, 0, 0, 1, 0, 0, 0, 0, 0, 0, 0], [0, 0, 0, 0, 8, 8, 8, 0, 1, 0, 0, 0, 0, 0, 0, 0], [0, 0, 0, 0, 0, 0, 0, 0, 1, 0, 0, 0, 0, 0, 0, 0], [0, 0, 0, 0, 0, 0, 0, 0, 1, 0, 0, 0, 0, 0, 0, 0], [0, 0, 0, 0, 0, 0, 0, 0, 1, 0, 0, 0, 0, 0, 0, 0]]"
67,"horizontal_line(state, 1, 4, 1, 9, 2)->vertical_line(state, 1, 4, 10, 4, 2)->vertical_line(state, 1, 9, 10, 9, 2)->obj_color(state, [[1, 4], [2, 4], [3, 4], [4, 4], [5, 4], [6, 4], [7, 4], [8, 4], [9, 4], [10, 4], [2, 9], [3, 9], [4, 9], [5, 9], [6, 9], [7, 9], [8, 9], [9, 9], [10, 9]], 1)->obj_color(state, [[2, 4], [3, 4], [4, 4], [5, 4], [6, 4], [7, 4], [8, 4], [9, 4], [2, 9], [3, 9], [4, 9], [5, 9], [6, 9], [7, 9], [8, 9], [9, 9]], 1)","[[0, 0, 0, 0, 0, 0, 0, 0, 0, 0, 0, 0, 0], [0, 0, 0, 0, 2, 2, 2, 2, 2, 0, 0, 0, 0], [0, 0, 0, 0, 2, 0, 0, 0, 0, 2, 0, 0, 0], [0, 0, 0, 0, 2, 0, 0, 0, 0, 2, 0, 0, 0], [0, 0, 0, 0, 2, 0, 0, 0, 0, 2, 0, 0, 0], [0, 0, 0, 0, 2, 0, 0, 0, 0, 2, 0, 0, 0], [0, 0, 0, 0, 2, 0, 0, 0, 0, 2, 0, 0, 0], [0, 0, 0, 0, 2, 0, 0, 0, 0, 2, 0, 0, 0], [0, 0, 0, 0, 2, 0, 0, 0, 0, 2, 0, 0, 0], [0, 0, 0, 0, 2, 0, 0, 0, 0, 2, 0, 0, 0], [0, 0, 0, 0, 0, 0, 0, 0, 0, 2, 0, 0, 0], [0, 0, 0, 0, 0, 0, 0, 0, 0, 0, 0, 0, 0], [0, 0, 0, 0, 0, 0, 0, 0, 0, 0, 0, 0, 0]]"
68,"obj_color(state, object2, 2)->obj_color(state, object3, 2)->obj_color(state, object4, 2)->obj_color(state, object5, 2)->`complete(state)`","[[0, 0, 0, 0, 0, 0, 0, 0, 0, 0, 0, 0], [0, 0, 0, 0, 0, 0, 0, 0, 0, 0, 0, 0], [0, 1, 1, 1, 0, 0, 0, 1, 1, 1, 0, 0], [0, 1, 0, 1, 1, 0, 0, 1, 0, 1, 0, 0], [1, 1, 0, 0, 1, 1, 1, 1, 0, 1, 1, 1], [0, 0, 0, 0, 0, 0, 0, 0, 0, 0, 0, 0], [0, 0, 0, 0, 0, 0, 0, 0, 0, 0, 0, 0], [0, 0, 0, 0, 0, 2, 0, 0, 0, 0, 0, 0], [0, 2, 0, 0, 2, 2, 0, 0, 0, 0, 2, 0], [0, 2, 2, 0, 2, 0, 0, 2, 2, 0, 2, 0], [0, 0, 2, 0, 2, 0, 0, 2, 2, 0, 2, 0], [0, 0, 0, 0, 0, 0, 0, 0, 0, 0, 0, 0]]"
69,"obj_color(state, object1, 4)->obj_color(state, object2, 4)->obj_color(state, object3, 4)->obj_color(state, object1, 2)->obj_color(state, object1, 3)","[[0, 0, 0, 0, 0, 0, 0, 0, 0, 0, 0, 0, 0, 0, 0, 0], [0, 0, 3, 3, 3, 0, 0, 3, 3, 3, 0, 0, 0, 0, 0, 0], [0, 3, 3, 0, 3, 3, 3, 3, 0, 3, 0, 0, 0, 0, 0, 0], [0, 3, 0, 0, 0, 0, 0, 0, 0, 3, 0, 0, 0, 0, 0, 0], [0, 3, 0, 0, 0, 0, 0, 0, 0, 3, 0, 4, 4, 4, 4, 0], [0, 3, 3, 3, 0, 0, 3, 3, 3, 3, 0, 4, 0, 0, 4, 0], [0, 0, 0, 3, 0, 0, 3, 0, 0, 0, 0, 4, 4, 0, 4, 0], [0, 3, 3, 3, 0, 0, 3, 3, 0, 0, 0, 0, 4, 0, 4, 0], [0, 3, 0, 0, 0, 0, 0, 3, 0, 0, 0, 0, 4, 0, 4, 0], [0, 3, 0, 0, 3, 3, 3, 3, 0, 0, 4, 4, 4, 0, 4, 0], [0, 3, 3, 3, 3, 0, 0, 0, 0, 0, 4, 0, 0, 0, 4, 0], [0, 0, 0, 0, 0, 0, 0, 0, 0, 0, 4, 0, 0, 0, 4, 0], [0, 0, 0, 4, 4, 4, 0, 0, 0, 0, 4, 4, 4, 4, 4, 0], [0, 0, 0, 4, 0, 4, 0, 0, 0, 0, 0, 0, 0, 0, 0, 0], [0, 0, 0, 4, 4, 4, 0, 0, 0, 0, 0, 0, 0, 0, 0, 0]]"
70,vertical_flip(state)->vertical_flip(current_state)->`horizontal_flip(state)`->horizontal_flip(state)->vertical_flip(state),"[[0, 6, 6, 0, 0, 0, 1, 0, 0, 0, 0, 0, 0], [0, 6, 0, 6, 0, 0, 1, 0, 0, 0, 4, 0, 0], [0, 0, 6, 6, 0, 0, 1, 0, 0, 4, 0, 4, 0], [0, 0, 0, 0, 0, 0, 1, 0, 0, 0, 4, 0, 0], [0, 0, 0, 0, 0, 0, 1, 0, 0, 0, 0, 0, 0], [0, 0, 0, 0, 0, 0, 1, 0, 0, 0, 0, 0, 0], [1, 1, 1, 1, 1, 1, 1, 1, 1, 1, 1, 1, 1], [0, 0, 0, 0, 0, 0, 1, 0, 0, 0, 0, 0, 0], [0, 2, 0, 2, 0, 0, 1, 0, 0, 0, 0, 0, 0], [0, 0, 2, 0, 0, 0, 1, 0, 0, 3, 0, 0, 0], [0, 0, 2, 2, 0, 0, 1, 0, 0, 0, 3, 3, 0], [0, 0, 0, 0, 0, 0, 1, 0, 0, 3, 3, 3, 0], [0, 0, 0, 0, 0, 0, 1, 0, 0, 0, 0, 0, 0], [0, 0, 0, 0, 0, 0, 1, 0, 0, 0, 0, 0, 0]]"
71,"rotate_left_obj(state, object1)->`rotate_left_obj(current_state, object1)`->complete(current_state)->complete(current_state)->rotate_left_obj(state, object1)","[[0, 0, 0, 0, 0, 0, 0, 0, 0, 0, 0, 0, 0], [0, 0, 0, 0, 0, 0, 0, 0, 0, 0, 0, 0, 0], [0, 0, 0, 0, 0, 0, 7, 7, 7, 0, 0, 0, 0], [0, 0, 0, 7, 7, 7, 7, 0, 7, 0, 0, 0, 0], [0, 0, 0, 7, 0, 0, 0, 0, 7, 7, 0, 0, 0], [0, 0, 0, 7, 0, 0, 0, 0, 0, 7, 0, 0, 0], [0, 0, 0, 7, 0, 7, 7, 7, 7, 7, 0, 0, 0], [0, 0, 0, 7, 7, 7, 0, 0, 0, 0, 0, 0, 0], [0, 0, 0, 0, 0, 0, 0, 0, 0, 0, 0, 0, 0], [0, 0, 0, 0, 0, 0, 0, 0, 0, 0, 0, 0, 0], [0, 0, 0, 0, 0, 0, 0, 0, 0, 0, 0, 0, 0]]"
72,"rotate_right_obj(state, object1)->rotate_right_obj(state, object2)->rotate_right_obj(state, object1)->rotate_right_obj(state, object1)->rotate_right_obj(state, object1)","[[0, 0, 0, 0, 0, 0, 0, 0, 0, 0], [0, 0, 0, 4, 0, 0, 0, 0, 0, 0], [0, 4, 4, 4, 0, 4, 0, 4, 0, 0], [0, 4, 0, 0, 0, 4, 0, 4, 0, 0], [0, 0, 4, 4, 0, 0, 4, 4, 0, 0], [0, 0, 4, 0, 0, 0, 0, 0, 0, 0], [0, 0, 0, 0, 0, 0, 0, 0, 0, 0], [0, 0, 0, 0, 0, 0, 0, 0, 0, 0]]"
73,"diagonal_line(state, 0, 0, 12, 12, 8)->`horizontal_line(state, 1, 0, 1, 10, 2)`->`vertical_line(state, 0, 12, 12, 12, 8)`->`horizontal_line(state, 10, 1, 10, 11, 2)`->`vertical_line(state, 0, 11, 11, 11, 8)`","[[2, 8, 0, 0, 0, 0, 0, 0, 0, 0, 0, 0, 0], [0, 2, 2, 2, 2, 2, 2, 2, 2, 2, 0, 8, 8], [0, 0, 8, 0, 0, 0, 0, 0, 0, 0, 0, 8, 8], [0, 0, 0, 8, 0, 0, 0, 0, 0, 0, 0, 8, 8], [0, 0, 0, 0, 8, 0, 0, 0, 0, 0, 0, 8, 8], [0, 0, 0, 0, 0, 8, 1, 0, 0, 0, 0, 8, 8], [0, 0, 0, 0, 0, 0, 8, 0, 0, 0, 0, 8, 8], [0, 0, 0, 0, 0, 0, 0, 8, 0, 0, 0, 8, 8], [0, 0, 0, 0, 0, 0, 0, 0, 8, 0, 0, 8, 8], [0, 0, 0, 0, 0, 0, 0, 0, 0, 8, 0, 8, 8], [0, 0, 2, 2, 2, 2, 2, 2, 2, 2, 2, 8, 8], [0, 0, 0, 0, 0, 0, 0, 0, 0, 0, 0, 8, 8], [0, 0, 0, 0, 0, 0, 0, 0, 0, 0, 0, 0, 0]]"
74,"obj_color(state, object1, 4)->obj_color(state, object2, 2)->obj_color(state, object3, 1)->obj_color(state, object4, 3)->complete(state)","[[0, 0, 0, 0, 0, 0, 0, 0, 0, 0, 0, 0, 0, 0, 0, 0, 0], [0, 0, 4, 4, 4, 4, 0, 0, 0, 0, 0, 0, 0, 2, 2, 2, 0], [0, 0, 4, 0, 0, 4, 0, 0, 4, 4, 4, 0, 0, 2, 0, 2, 0], [0, 0, 4, 4, 4, 4, 4, 4, 4, 0, 4, 0, 0, 2, 2, 2, 0], [0, 0, 0, 0, 4, 0, 4, 0, 4, 0, 4, 0, 0, 2, 0, 2, 0], [0, 0, 0, 0, 4, 4, 4, 4, 4, 4, 4, 0, 0, 2, 0, 2, 0], [0, 0, 0, 0, 0, 0, 0, 0, 0, 0, 0, 0, 2, 2, 2, 2, 0], [0, 0, 0, 0, 0, 0, 0, 0, 0, 0, 0, 0, 2, 0, 0, 2, 0], [0, 0, 0, 0, 0, 0, 0, 0, 0, 0, 0, 0, 2, 2, 2, 2, 0], [0, 0, 1, 1, 1, 1, 1, 1, 0, 0, 0, 0, 0, 0, 0, 0, 0], [0, 0, 1, 0, 0, 0, 0, 1, 0, 0, 0, 0, 0, 0, 0, 0, 0], [0, 0, 1, 0, 0, 0, 0, 1, 0, 0, 3, 3, 3, 3, 3, 3, 3], [0, 0, 1, 1, 1, 1, 1, 1, 0, 0, 3, 0, 0, 3, 0, 0, 3], [0, 0, 0, 0, 0, 0, 0, 0, 0, 0, 3, 0, 0, 3, 0, 0, 3], [0, 0, 0, 0, 0, 0, 0, 0, 0, 0, 3, 3, 3, 3, 3, 3, 3]]"
75,"obj_color(state, object1, 1)->obj_color(state, object1, 1)->obj_color(state, object1, 6)->obj_color(state, object1, 1)->obj_color(state, object1, 6)","[[6, 6, 6, 6, 6, 6, 6, 6, 6, 6, 6, 6, 6, 6, 6, 6, 6, 6, 6, 6, 6, 6, 6], [6, 6, 6, 6, 6, 6, 6, 6, 6, 6, 6, 6, 6, 6, 6, 6, 6, 6, 6, 6, 6, 6, 6], [6, 6, 6, 6, 6, 6, 6, 6, 6, 6, 6, 6, 6, 6, 6, 6, 6, 6, 6, 6, 6, 6, 6], [6, 6, 6, 6, 6, 6, 6, 6, 6, 6, 6, 6, 6, 6, 6, 6, 6, 6, 6, 6, 6, 6, 6], [0, 0, 0, 0, 0, 0, 0, 0, 0, 6, 6, 6, 6, 6, 6, 6, 6, 6, 6, 6, 6, 6, 6], [0, 0, 0, 0, 0, 0, 0, 0, 0, 6, 6, 6, 6, 6, 6, 6, 6, 6, 6, 6, 6, 6, 6], [6, 6, 6, 6, 0, 0, 0, 0, 0, 6, 6, 6, 6, 6, 6, 6, 6, 6, 6, 6, 6, 6, 6], [6, 6, 6, 6, 0, 0, 0, 0, 0, 0, 0, 6, 6, 6, 6, 6, 6, 6, 6, 6, 6, 6, 6], [6, 6, 6, 6, 0, 0, 0, 0, 0, 0, 0, 6, 6, 6, 6, 6, 6, 6, 6, 6, 6, 6, 6], [6, 6, 6, 6, 6, 6, 6, 6, 0, 0, 0, 6, 6, 6, 6, 6, 6, 6, 6, 6, 6, 6, 6], [6, 6, 6, 6, 6, 6, 6, 6, 0, 0, 0, 6, 6, 6, 6, 6, 6, 6, 0, 0, 6, 6, 6], [6, 6, 6, 6, 6, 6, 6, 6, 6, 6, 6, 6, 6, 6, 6, 6, 6, 6, 0, 0, 6, 6, 6], [6, 6, 6, 6, 6, 6, 6, 6, 6, 6, 6, 6, 6, 6, 6, 6, 6, 6, 0, 0, 6, 6, 6], [6, 6, 6, 6, 6, 6, 6, 6, 6, 0, 0, 0, 0, 0, 6, 6, 6, 6, 0, 0, 6, 6, 6], [6, 6, 6, 6, 6, 6, 6, 6, 6, 0, 0, 0, 0, 0, 6, 6, 6, 6, 0, 0, 6, 6, 6], [6, 6, 6, 6, 6, 6, 6, 6, 6, 0, 0, 0, 0, 0, 6, 6, 6, 6, 6, 6, 6, 6, 6], [6, 6, 6, 6, 6, 6, 6, 6, 6, 0, 0, 0, 0, 0, 6, 6, 6, 6, 6, 6, 6, 6, 6], [6, 6, 6, 6, 6, 6, 6, 6, 6, 6, 6, 6, 6, 6, 6, 6, 6, 6, 6, 6, 6, 6, 6], [6, 6, 6, 6, 6, 6, 6, 6, 6, 6, 6, 6, 6, 6, 6, 6, 6, 6, 6, 6, 6, 6, 6], [6, 6, 6, 6, 6, 6, 6, 6, 6, 6, 6, 6, 6, 6, 6, 6, 6, 6, 6, 6, 6, 6, 6], [6, 6, 6, 6, 6, 6, 6, 6, 6, 6, 6, 6, 6, 6, 6, 6, 6, 6, 6, 6, 6, 6, 6], [6, 6, 6, 6, 6, 6, 6, 6, 6, 6, 6, 6, 6, 6, 6, 6, 6, 6, 6, 6, 6, 6, 6], [6, 6, 6, 6, 6, 6, 6, 6, 6, 6, 6, 6, 6, 6, 6, 6, 6, 6, 6, 6, 6, 6, 6]]"
77,vertical_flip(state)->vertical_flip(current_state)->horizontal_flip(state)->horizontal_flip(current_state)->vertical_flip(state),"[[0, 6, 0, 0, 2, 2, 2, 4, 0, 0, 0, 0, 0, 0, 0], [0, 6, 0, 0, 2, 0, 2, 4, 0, 0, 0, 0, 0, 0, 0], [6, 0, 6, 0, 2, 0, 2, 4, 0, 0, 0, 0, 0, 0, 0], [0, 0, 0, 0, 0, 0, 0, 4, 0, 0, 0, 0, 0, 0, 0], [3, 0, 3, 0, 3, 0, 3, 4, 0, 0, 0, 0, 0, 0, 0], [0, 3, 0, 0, 0, 3, 0, 4, 0, 0, 0, 0, 0, 0, 0], [3, 3, 3, 0, 3, 3, 3, 4, 0, 0, 0, 0, 0, 0, 0], [0, 0, 0, 0, 0, 0, 0, 4, 0, 0, 0, 0, 0, 0, 0], [0, 6, 0, 0, 0, 6, 0, 4, 0, 0, 0, 0, 0, 0, 0], [0, 6, 0, 0, 0, 6, 0, 4, 0, 0, 0, 0, 0, 0, 0], [6, 0, 6, 0, 6, 0, 6, 4, 0, 0, 0, 0, 0, 0, 0], [0, 0, 0, 0, 0, 0, 0, 4, 0, 0, 0, 0, 0, 0, 0], [2, 2, 2, 0, 0, 1, 0, 4, 0, 0, 0, 0, 0, 0, 0], [2, 0, 2, 0, 1, 0, 1, 4, 0, 0, 0, 0, 0, 0, 0], [2, 0, 2, 0, 1, 1, 0, 4, 0, 0, 0, 0, 0, 0, 0], [0, 0, 0, 0, 0, 0, 0, 4, 0, 0, 0, 0, 0, 0, 0], [0, 1, 0, 0, 0, 1, 0, 4, 0, 0, 0, 0, 0, 0, 0], [1, 0, 1, 0, 1, 0, 1, 4, 0, 0, 0, 0, 0, 0, 0], [1, 1, 0, 0, 1, 1, 0, 4, 0, 0, 5, 0, 0, 0, 0]]"
78,"`move_right(state, object2)`->`move_right(state, object2)`->`move_right(state, object2)`->`move_right(state, object2)`->move_right(state, object1)","[[0, 5, 1, 1, 1], [0, 1, 1, 0, 0], [0, 1, 0, 0, 0], [0, 1, 1, 0, 0], [0, 5, 1, 1, 1]]"
79,"`rotate_left_obj(state, object5)`->`rotate_left_obj(current_state, object6)`->`rotate_left_obj([[8, 9, 0, 9, 9, 9, 0, 0, 0, 0], [2, 4, 0, 9, 8, 8, 0, 0, 0, 0], [0, 0, 0, 0, 8, 8, 0, 0, 0, 0], [0, 0, 0, 0, 0, 0, 0, 0, 0, 0], [0, 0, 2, 2, 4, 4, 4, 4, 0, 0], [0, 0, 8, 4, 2, 4, 4, 0, 0, 0], [0, 0, 0, 2, 2, 2, 9, 0, 0, 0], [0, 0, 0, 0, 0, 0, 0, 0, 0, 0], [0, 0, 0, 0, 0, 0, 0, 0, 0, 0], [0, 0, 0, 0, 0, 0, 0, 0, 0, 0]], [[3, 3], [4, 3], [4, 4], [4, 5], [5, 3], [5, 4], [5, 5], [6, 3], [6, 4], [6, 5], [7, 4], [7, 5], [8, 5]])`->`rotate_left_obj(current_state, object7)`->`rotate_left_obj(current_state, object7)`","[[8, 9, 0, 9, 9, 9, 0, 0, 0, 0], [2, 4, 0, 9, 8, 8, 0, 0, 0, 0], [0, 0, 0, 0, 8, 8, 0, 0, 0, 0], [0, 0, 0, 0, 0, 0, 0, 0, 0, 0], [0, 0, 2, 2, 4, 4, 4, 4, 0, 0], [0, 0, 8, 4, 2, 4, 4, 0, 0, 0], [0, 0, 0, 2, 2, 2, 9, 0, 0, 0], [0, 0, 0, 0, 0, 0, 0, 0, 0, 0], [0, 0, 0, 0, 0, 0, 0, 0, 0, 0], [0, 0, 0, 0, 0, 0, 0, 0, 0, 0]]"
80,"`vertical_flip_obj(state, object1)`->`vertical_flip_obj(state, object1)`->`vertical_flip_obj(state, object1)`->vertical_flip_obj(state, object1)->vertical_flip_obj(state, object1)","[[2, 9, 2, 6, 7, 8, 9, 9, 6, 4, 5, 8, 7, 5, 4, 3, 6, 3, 9, 5], [1, 6, 1, 4, 3, 6, 5, 4, 1, 7, 4, 7, 8, 6, 5, 9, 5, 4, 9, 9], [4, 5, 9, 9, 4, 5, 5, 7, 9, 8, 5, 8, 8, 6, 2, 8, 3, 7, 2, 4], [7, 8, 4, 7, 9, 5, 7, 8, 7, 4, 6, 8, 5, 3, 3, 1, 4, 1, 9, 7], [2, 8, 5, 3, 5, 6, 7, 1, 4, 7, 4, 4, 9, 5, 1, 3, 4, 4, 4, 7], [6, 9, 5, 6, 3, 7, 5, 7, 9, 8, 9, 5, 0, 0, 4, 2, 3, 3, 2, 6], [3, 7, 7, 5, 9, 8, 7, 4, 2, 2, 9, 5, 0, 0, 8, 6, 7, 6, 6, 7], [8, 6, 5, 2, 2, 3, 2, 1, 4, 9, 6, 9, 4, 9, 7, 7, 1, 5, 9, 3], [1, 6, 4, 6, 6, 5, 5, 9, 2, 3, 2, 4, 6, 7, 3, 9, 9, 9, 6, 6], [1, 3, 7, 2, 7, 3, 5, 2, 3, 9, 3, 2, 7, 2, 1, 7, 9, 8, 5, 7], [3, 2, 4, 8, 9, 8, 9, 5, 2, 1, 6, 8, 1, 2, 5, 7, 9, 1, 8, 5], [4, 2, 6, 6, 8, 9, 2, 1, 3, 2, 4, 5, 8, 3, 7, 4, 8, 5, 2, 1], [2, 9, 6, 1, 2, 9, 4, 8, 2, 7, 8, 2, 5, 7, 3, 2, 2, 4, 7, 7], [7, 7, 1, 9, 2, 4, 6, 9, 1, 5, 5, 8, 5, 2, 2, 2, 4, 2, 1, 2], [1, 4, 3, 5, 6, 1, 1, 1, 1, 6, 7, 3, 9, 5, 8, 3, 5, 6, 2, 9], [1, 9, 2, 3, 8, 4, 3, 1, 1, 3, 4, 6, 3, 5, 1, 1, 2, 6, 4, 6], [4, 2, 9, 5, 5, 2, 8, 2, 7, 7, 9, 6, 1, 4, 9, 8, 3, 3, 9, 2], [9, 1, 8, 6, 9, 4, 7, 6, 9, 5, 5, 5, 8, 1, 4, 8, 4, 7, 8, 5], [9, 1, 7, 5, 5, 1, 2, 7, 1, 9, 1, 7, 4, 8, 4, 7, 2, 9, 5, 8], [4, 5, 7, 5, 9, 2, 3, 1, 7, 8, 6, 9, 4, 2, 4, 2, 5, 1, 2, 7]]"
81,"rotate_right_obj(state, object1)->rotate_right_obj(state, object3)->rotate_right_obj(state, object3)->rotate_right_obj(state, object3)->rotate_right_obj(state, object3)","[[0, 0, 0, 0, 0, 8, 8, 8, 0], [0, 0, 0, 0, 0, 8, 0, 8, 0], [0, 0, 0, 0, 0, 0, 8, 0, 0], [0, 0, 0, 0, 0, 0, 0, 0, 0], [4, 0, 0, 0, 0, 0, 0, 0, 0], [0, 0, 0, 0, 0, 0, 0, 0, 0], [0, 0, 0, 0, 0, 0, 0, 0, 0], [0, 0, 0, 4, 0, 0, 0, 0, 0], [0, 0, 0, 0, 0, 0, 0, 0, 0]]"
82,"`vertical_line(state, 0, 4, 2, 4, 9)`->horizontal_line(state, 0, 4, 0, 8, 6)->horizontal_line(state, 0, 4, 2, 4, 9)->`obj_color(state, object1, 1)`->vertical_line(state, 0, 4, 2, 4, 9)","[[0, 0, 0, 0, 0, 1, 1, 1, 1], [0, 0, 0, 0, 9, 0, 0, 0, 0], [1, 1, 1, 1, 0, 0, 0, 0, 0]]"
83,"obj_color(state, object1, 2)->obj_color(state, object2, 8)->obj_color(state, object3, 6)->obj_color(state, object4, 4)->obj_color(state, object5, 4)","[[0, 0, 0, 0, 0, 0, 0, 0, 0, 0, 0, 0, 0, 0, 0, 0, 0, 0, 0, 0, 0, 0, 0, 0, 0, 0, 0, 0, 0, 0], [0, 0, 2, 2, 0, 0, 0, 0, 0, 0, 0, 0, 0, 0, 0, 0, 0, 0, 0, 0, 0, 0, 0, 0, 0, 0, 0, 0, 0, 0], [0, 0, 2, 8, 0, 0, 0, 0, 0, 0, 0, 0, 0, 0, 6, 6, 6, 0, 0, 0, 0, 0, 0, 0, 0, 0, 0, 0, 0, 0], [0, 0, 0, 0, 0, 0, 0, 0, 0, 0, 0, 0, 0, 0, 6, 6, 6, 0, 0, 0, 0, 0, 4, 4, 0, 0, 0, 0, 0, 0], [0, 0, 0, 0, 0, 0, 0, 0, 0, 0, 0, 0, 0, 0, 6, 6, 6, 0, 0, 0, 0, 0, 4, 4, 0, 0, 0, 0, 0, 0], [0, 0, 0, 0, 0, 0, 0, 0, 0, 0, 0, 0, 0, 0, 0, 0, 0, 0, 0, 0, 0, 0, 0, 0, 0, 0, 0, 0, 0, 0], [0, 0, 0, 0, 0, 0, 0, 0, 0, 0, 0, 0, 0, 0, 0, 0, 0, 0, 0, 0, 0, 0, 0, 0, 0, 0, 4, 4, 0, 0], [0, 0, 0, 0, 0, 0, 0, 0, 0, 6, 6, 0, 0, 0, 0, 0, 0, 0, 0, 0, 0, 0, 0, 0, 0, 0, 4, 4, 0, 0], [0, 0, 0, 0, 0, 0, 0, 0, 0, 6, 6, 0, 0, 0, 0, 0, 0, 0, 0, 8, 8, 8, 0, 0, 0, 0, 0, 0, 0, 0], [0, 0, 0, 0, 0, 0, 0, 0, 0, 0, 0, 0, 0, 0, 0, 0, 0, 0, 0, 8, 8, 8, 0, 0, 0, 0, 0, 0, 0, 0], [0, 0, 0, 0, 0, 0, 0, 0, 0, 0, 0, 0, 0, 0, 0, 0, 0, 0, 0, 8, 8, 8, 0, 0, 0, 0, 0, 0, 0, 0], [0, 0, 0, 0, 0, 6, 0, 0, 0, 0, 0, 0, 0, 0, 0, 0, 0, 0, 0, 0, 0, 0, 0, 0, 0, 0, 0, 0, 0, 0], [0, 0, 0, 0, 0, 0, 0, 0, 0, 0, 0, 0, 0, 0, 0, 0, 0, 0, 0, 0, 0, 0, 0, 0, 1, 1, 1, 0, 0, 0], [0, 0, 0, 0, 0, 0, 0, 0, 0, 0, 0, 0, 0, 0, 0, 0, 0, 0, 0, 0, 0, 0, 0, 0, 1, 1, 1, 0, 0, 0], [0, 0, 0, 0, 0, 0, 0, 0, 0, 0, 0, 0, 0, 0, 0, 2, 2, 0, 0, 0, 0, 0, 0, 0, 1, 1, 1, 0, 0, 0], [0, 0, 0, 0, 0, 0, 0, 0, 0, 0, 0, 0, 0, 0, 0, 2, 2, 0, 0, 0, 0, 0, 0, 0, 0, 0, 0, 0, 0, 0], [0, 0, 0, 0, 0, 0, 0, 0, 0, 0, 0, 0, 0, 0, 0, 0, 0, 0, 0, 0, 0, 0, 0, 0, 0, 0, 0, 0, 0, 0], [0, 0, 0, 0, 0, 0, 0, 0, 0, 0, 0, 0, 0, 0, 0, 0, 0, 0, 0, 0, 0, 0, 0, 0, 0, 0, 0, 0, 0, 0], [0, 0, 0, 0, 0, 7, 0, 0, 0, 0, 0, 0, 0, 0, 0, 0, 0, 0, 0, 0, 0, 0, 6, 6, 0, 0, 0, 0, 0, 0], [0, 0, 0, 0, 0, 0, 0, 0, 0, 0, 0, 0, 0, 0, 0, 0, 0, 0, 0, 0, 0, 0, 6, 6, 0, 0, 0, 0, 0, 0], [0, 0, 0, 0, 0, 0, 0, 0, 0, 0, 0, 0, 0, 0, 0, 0, 0, 0, 0, 0, 0, 0, 0, 0, 0, 0, 0, 0, 0, 0], [0, 0, 0, 0, 0, 0, 0, 0, 0, 0, 0, 0, 0, 0, 0, 0, 0, 0, 0, 0, 0, 0, 0, 0, 0, 0, 0, 0, 0, 0], [3, 3, 3, 3, 3, 3, 3, 3, 3, 3, 3, 3, 3, 3, 3, 3, 3, 3, 3, 3, 3, 3, 3, 3, 3, 3, 3, 3, 3, 3], [3, 3, 3, 8, 8, 3, 3, 3, 3, 3, 3, 3, 3, 3, 3, 3, 3, 3, 3, 3, 3, 3, 3, 3, 3, 3, 3, 3, 3, 3], [3, 3, 3, 8, 2, 2, 3, 3, 3, 3, 3, 3, 1, 1, 1, 3, 3, 3, 3, 3, 3, 3, 3, 3, 3, 3, 3, 3, 3, 3], [3, 3, 3, 3, 2, 2, 8, 3, 3, 3, 3, 3, 1, 6, 1, 3, 3, 3, 3, 3, 3, 3, 1, 4, 3, 3, 3, 3, 3, 3], [3, 3, 3, 3, 3, 8, 8, 3, 3, 3, 3, 3, 1, 1, 1, 3, 3, 3, 3, 3, 3, 3, 4, 1, 3, 3, 3, 3, 3, 3], [3, 3, 3, 3, 3, 3, 3, 3, 3, 3, 3, 3, 3, 3, 3, 3, 3, 3, 3, 3, 3, 3, 3, 3, 3, 3, 3, 3, 3, 3], [3, 3, 3, 3, 3, 3, 3, 3, 3, 3, 3, 3, 3, 3, 3, 3, 3, 3, 3, 3, 3, 3, 3, 3, 3, 3, 3, 3, 3, 3], [3, 3, 3, 3, 3, 3, 3, 3, 3, 3, 3, 3, 3, 3, 3, 3, 3, 3, 3, 3, 3, 3, 3, 3, 3, 3, 3, 3, 3, 3]]"
84,"obj_color(state, object3, 6)->obj_color(state, object4, 6)->obj_color(state, object7, 7)->obj_color(state, object7, 7)->obj_color(state, object9, 7)","[[0, 0, 0, 0, 6, 0, 0, 1, 0, 0, 0, 0, 0, 0, 0], [0, 6, 6, 6, 6, 6, 6, 6, 6, 6, 6, 6, 6, 1, 0], [0, 6, 6, 6, 6, 6, 6, 6, 6, 6, 6, 6, 6, 6, 0], [0, 6, 6, 6, 6, 6, 6, 6, 6, 6, 6, 6, 6, 6, 0], [0, 6, 6, 6, 6, 6, 6, 6, 6, 6, 6, 6, 6, 6, 0], [0, 6, 6, 6, 6, 6, 6, 6, 6, 6, 6, 6, 6, 6, 1], [0, 6, 6, 6, 6, 6, 6, 6, 6, 6, 6, 6, 6, 6, 0], [7, 6, 6, 6, 6, 6, 6, 6, 6, 6, 6, 6, 6, 6, 0], [0, 6, 6, 6, 6, 6, 6, 6, 6, 6, 6, 6, 6, 6, 3], [0, 6, 6, 6, 6, 6, 6, 6, 6, 6, 6, 6, 6, 6, 0], [7, 6, 6, 6, 6, 6, 6, 6, 6, 6, 6, 6, 6, 6, 0], [0, 6, 6, 6, 6, 6, 6, 6, 6, 6, 6, 6, 6, 6, 0], [0, 6, 6, 6, 6, 6, 6, 6, 6, 6, 6, 6, 6, 6, 0], [0, 7, 6, 6, 6, 6, 6, 6, 6, 6, 6, 6, 6, 3, 0], [0, 0, 0, 0, 0, 0, 0, 0, 7, 0, 0, 3, 0, 0, 0]]"
85,"obj_color(state, object1, 2)->obj_color(state, object2, 3)->obj_color(state, object3, 1)->obj_color(state, object4, 7)->obj_color(state, object5, 2)","[[0, 0, 2, 2, 2, 2, 2, 0, 0, 0, 0, 0, 0, 0, 0, 0, 0, 0], [0, 0, 2, 0, 2, 0, 2, 0, 3, 3, 3, 3, 3, 3, 3, 0, 0, 0], [0, 0, 2, 0, 2, 2, 2, 0, 3, 0, 3, 3, 0, 0, 3, 0, 0, 0], [0, 0, 2, 2, 2, 2, 2, 0, 3, 3, 3, 3, 0, 0, 3, 0, 0, 0], [0, 0, 0, 0, 0, 0, 0, 0, 3, 0, 0, 3, 3, 3, 3, 0, 0, 0], [0, 0, 0, 0, 0, 0, 0, 0, 3, 3, 3, 3, 3, 3, 3, 0, 0, 0], [0, 0, 1, 1, 1, 1, 0, 0, 0, 0, 0, 0, 0, 0, 0, 0, 0, 0], [0, 0, 1, 0, 0, 1, 0, 0, 0, 0, 7, 7, 7, 7, 7, 7, 7, 0], [0, 0, 1, 1, 1, 1, 0, 0, 0, 0, 7, 0, 0, 7, 7, 7, 7, 0], [0, 0, 0, 0, 0, 0, 0, 0, 0, 0, 7, 7, 7, 7, 0, 0, 7, 0], [0, 0, 0, 0, 0, 0, 0, 0, 0, 0, 7, 7, 7, 7, 0, 0, 7, 0], [0, 2, 2, 2, 2, 2, 2, 2, 0, 0, 7, 0, 7, 7, 7, 7, 7, 0], [0, 2, 0, 0, 2, 2, 2, 2, 0, 0, 7, 0, 7, 7, 7, 7, 7, 0], [0, 2, 0, 0, 2, 2, 2, 2, 0, 0, 7, 7, 7, 0, 0, 7, 7, 0], [0, 2, 2, 2, 2, 0, 2, 2, 0, 0, 7, 7, 7, 0, 0, 7, 7, 0], [0, 2, 2, 2, 2, 2, 2, 2, 0, 0, 7, 7, 7, 7, 7, 7, 7, 0], [0, 0, 0, 0, 0, 0, 0, 0, 0, 0, 0, 0, 0, 0, 0, 0, 0, 0]]"
86,horizontal_flip(state)->vertical_flip(state)->horizontal_flip(vertical_flip(state))->horizontal_flip(vertical_flip(horizontal_flip(vertical_flip(state))))->`horizontal_flip(vertical_flip(horizontal_flip(vertical_flip(state))))`,"[[1, 0, 0, 0], [0, 0, 1, 0], [1, 0, 0, 1], [0, 1, 0, 1]]"
87,"move_down(state, object4)->move_down(state, object3)->move_down(state, object3)->move_down(state, object1)->move_down(state, object5)","[[0, 0, 0, 0, 0, 0, 0, 0, 0, 0], [0, 0, 0, 0, 0, 0, 0, 0, 0, 0], [0, 0, 0, 0, 0, 0, 0, 0, 0, 0], [0, 0, 0, 0, 0, 0, 5, 0, 0, 0], [0, 0, 0, 0, 0, 0, 0, 0, 0, 0], [0, 0, 0, 0, 0, 0, 0, 0, 0, 0], [0, 0, 0, 0, 0, 0, 0, 0, 0, 0], [0, 0, 0, 0, 0, 0, 0, 0, 0, 0], [0, 0, 0, 5, 0, 0, 0, 0, 0, 0], [0, 0, 0, 0, 0, 0, 0, 0, 0, 0], [0, 0, 0, 3, 3, 8, 8, 0, 0, 0]]"
88,"rotate_right_obj(state, object1)->rotate_right_obj(current_state, object3)->rotate_right_obj(current_state, object3)->rotate_right_obj(current_state, object3)->rotate_right_obj(current_state, object3)","[[0, 3, 8, 3, 8, 8, 8, 8, 8, 0, 0, 0, 0, 0, 0, 0, 0, 0, 0, 0, 0, 0, 0], [0, 8, 8, 3, 8, 3, 8, 3, 8, 0, 0, 0, 0, 0, 0, 0, 0, 0, 0, 0, 0, 0, 0], [0, 8, 8, 8, 8, 8, 3, 3, 3, 8, 8, 8, 8, 8, 8, 3, 3, 8, 8, 0, 0, 0, 0], [0, 3, 8, 8, 8, 8, 8, 3, 8, 3, 8, 8, 3, 8, 8, 8, 8, 8, 8, 0, 0, 0, 0], [0, 8, 8, 8, 3, 8, 8, 8, 8, 8, 8, 3, 3, 3, 8, 8, 8, 3, 8, 0, 0, 0, 0], [0, 8, 8, 3, 3, 3, 8, 8, 8, 8, 8, 8, 3, 8, 8, 8, 8, 8, 8, 0, 0, 0, 0], [0, 8, 8, 8, 3, 8, 8, 8, 3, 8, 8, 8, 8, 8, 8, 8, 8, 8, 8, 0, 0, 0, 0], [0, 3, 8, 8, 8, 3, 8, 3, 8, 8, 8, 8, 3, 8, 8, 3, 8, 8, 8, 0, 0, 0, 0], [0, 8, 3, 8, 8, 8, 3, 3, 3, 8, 8, 8, 8, 8, 8, 8, 8, 8, 8, 0, 0, 0, 0], [0, 8, 8, 8, 3, 8, 8, 3, 8, 8, 3, 8, 8, 8, 8, 8, 8, 3, 8, 0, 0, 0, 0], [0, 0, 0, 0, 0, 0, 0, 0, 0, 0, 0, 0, 0, 0, 0, 0, 0, 0, 0, 0, 0, 0, 0], [0, 0, 0, 0, 0, 0, 0, 0, 0, 0, 0, 0, 0, 0, 0, 0, 0, 0, 0, 0, 0, 0, 0], [3, 8, 8, 8, 8, 8, 3, 8, 8, 8, 0, 0, 3, 3, 8, 8, 3, 8, 8, 8, 3, 8, 0], [8, 8, 3, 8, 8, 3, 3, 3, 8, 8, 0, 0, 8, 8, 8, 3, 3, 3, 8, 8, 8, 3, 0], [8, 3, 3, 3, 8, 8, 3, 8, 3, 8, 0, 0, 3, 8, 8, 8, 3, 8, 8, 8, 8, 8, 0], [8, 8, 3, 8, 8, 8, 8, 3, 3, 3, 0, 0, 8, 3, 8, 8, 8, 8, 8, 3, 8, 8, 0], [8, 8, 8, 8, 3, 8, 8, 8, 3, 8, 0, 0, 3, 3, 3, 8, 8, 8, 3, 3, 3, 8, 0], [8, 3, 8, 3, 3, 3, 8, 8, 8, 8, 0, 0, 8, 3, 8, 3, 8, 8, 8, 3, 8, 8, 0], [3, 3, 3, 8, 3, 8, 8, 8, 8, 3, 0, 0, 8, 8, 3, 3, 3, 8, 8, 8, 8, 8, 0], [8, 3, 8, 8, 8, 8, 8, 3, 8, 8, 0, 0, 8, 8, 8, 3, 8, 8, 8, 3, 8, 3, 0], [0, 0, 0, 0, 0, 0, 0, 0, 0, 0, 0, 0, 0, 0, 0, 0, 0, 0, 0, 0, 0, 0, 0], [0, 0, 0, 0, 0, 0, 0, 0, 0, 0, 0, 0, 0, 0, 0, 0, 0, 0, 0, 0, 0, 0, 0]]"
89,"`move_down(state, object1)`->move_right(move_down(state, object1), object1)->`move_right(current_state, object1)`->`X_line(current_state, 2, 2, 1)`->`move_right(current_state, object1)`","[[1, 0, 0], [0, 1, 0], [0, 0, 0]]"
90,vertical_flip(state)->vertical_flip(state)->vertical_flip(state)->vertical_flip(state)->vertical_flip(state),"[[8, 0, 0, 0, 3, 0, 0, 0, 0, 5, 0, 0, 0, 0, 0, 0, 0, 0, 4, 7, 0, 2, 5, 0, 0], [5, 0, 0, 0, 8, 8, 0, 9, 8, 0, 0, 0, 0, 0, 0, 9, 9, 0, 0, 0, 0, 0, 0, 2, 0], [0, 0, 6, 0, 9, 6, 0, 5, 9, 0, 0, 0, 0, 0, 0, 1, 0, 7, 0, 1, 5, 3, 0, 0, 6], [0, 0, 0, 0, 0, 0, 8, 8, 8, 8, 8, 8, 8, 8, 0, 0, 3, 0, 0, 5, 1, 0, 0, 0, 0], [8, 0, 0, 0, 0, 0, 8, 0, 0, 2, 0, 2, 0, 8, 0, 6, 0, 0, 0, 3, 0, 3, 0, 8, 0], [0, 0, 0, 0, 4, 0, 8, 0, 9, 0, 0, 0, 0, 8, 0, 0, 0, 0, 0, 0, 2, 8, 0, 0, 2], [5, 0, 0, 0, 3, 0, 8, 0, 0, 0, 0, 5, 6, 8, 4, 0, 8, 0, 5, 7, 7, 7, 7, 7, 7], [8, 0, 1, 0, 8, 0, 8, 0, 7, 0, 0, 6, 0, 8, 0, 0, 0, 0, 7, 7, 0, 0, 0, 2, 7], [2, 0, 0, 0, 6, 2, 8, 0, 0, 9, 0, 0, 0, 8, 5, 0, 0, 0, 0, 7, 0, 0, 0, 0, 7], [9, 0, 1, 0, 0, 0, 8, 0, 0, 1, 0, 0, 5, 8, 8, 0, 0, 0, 0, 7, 0, 0, 8, 0, 7], [4, 0, 0, 0, 7, 0, 8, 8, 8, 8, 8, 8, 8, 8, 0, 0, 5, 0, 0, 7, 7, 7, 7, 7, 7], [0, 5, 4, 0, 0, 0, 0, 0, 0, 0, 5, 0, 0, 2, 0, 3, 0, 0, 1, 0, 0, 0, 0, 0, 6], [0, 0, 0, 0, 0, 0, 0, 0, 0, 0, 5, 0, 0, 3, 0, 0, 7, 0, 5, 0, 3, 0, 0, 0, 0], [5, 0, 1, 0, 0, 0, 4, 3, 3, 3, 3, 3, 3, 3, 3, 3, 3, 3, 3, 0, 0, 0, 0, 1, 0], [0, 0, 0, 3, 0, 4, 2, 3, 0, 0, 0, 0, 0, 4, 0, 2, 0, 0, 3, 0, 9, 9, 0, 0, 9], [0, 0, 0, 0, 0, 0, 0, 3, 7, 0, 0, 0, 0, 0, 0, 0, 8, 1, 3, 4, 0, 0, 6, 0, 8], [0, 0, 7, 0, 0, 0, 7, 3, 0, 0, 0, 0, 0, 5, 0, 0, 1, 0, 3, 0, 0, 7, 0, 7, 0], [0, 0, 0, 0, 0, 0, 0, 3, 0, 0, 0, 6, 0, 0, 0, 3, 0, 2, 3, 0, 3, 3, 0, 0, 2], [7, 0, 0, 0, 9, 0, 0, 3, 0, 1, 0, 0, 0, 8, 0, 0, 4, 0, 3, 0, 0, 0, 0, 0, 3], [5, 7, 0, 0, 8, 8, 7, 3, 0, 0, 0, 0, 1, 0, 0, 0, 0, 1, 3, 4, 0, 0, 2, 0, 1], [7, 0, 0, 8, 3, 0, 0, 3, 0, 3, 9, 0, 0, 0, 6, 7, 0, 0, 3, 0, 0, 0, 0, 0, 0], [6, 3, 0, 0, 0, 0, 0, 3, 8, 0, 0, 0, 0, 0, 0, 0, 0, 0, 3, 0, 5, 0, 2, 7, 0], [0, 0, 0, 0, 8, 0, 0, 3, 0, 9, 0, 0, 0, 0, 0, 0, 6, 7, 3, 0, 3, 0, 0, 9, 0], [0, 0, 0, 6, 0, 0, 0, 3, 0, 0, 0, 0, 0, 3, 5, 4, 0, 0, 3, 0, 0, 0, 0, 7, 0], [0, 0, 0, 2, 0, 0, 0, 3, 3, 3, 3, 3, 3, 3, 3, 3, 3, 3, 3, 0, 0, 0, 0, 6, 0], [0, 0, 3, 3, 0, 0, 0, 0, 2, 0, 0, 0, 0, 0, 7, 0, 0, 0, 0, 5, 0, 0, 4, 0, 4], [0, 0, 0, 0, 0, 4, 0, 0, 0, 0, 0, 0, 0, 6, 0, 0, 0, 0, 2, 4, 0, 0, 0, 9, 0]]"
91,"obj_color(state, object1, 1)->obj_color(state, object2, 1)->obj_color(state, object3, 1)->obj_color(state, object4, 1)->obj_color(state, object5, 1)","[[1, 0, 0, 0, 1, 0, 1, 0, 1, 0], [1, 0, 0, 1, 0, 1, 1, 0, 0, 0], [1, 1, 0, 1, 1, 0, 0, 1, 1, 0], [1, 0, 0, 0, 0, 0, 0, 1, 0, 0], [1, 0, 0, 0, 1, 1, 0, 0, 0, 5], [0, 0, 0, 0, 0, 0, 5, 5, 0, 0], [0, 0, 5, 5, 0, 0, 5, 5, 0, 0], [5, 0, 5, 0, 5, 0, 5, 0, 0, 5], [0, 5, 5, 0, 5, 0, 0, 5, 5, 5], [0, 0, 0, 5, 5, 5, 0, 0, 0, 0]]"
92,"`vertical_line(state, 11, 1, 13, 1, 0)`->`vertical_line(state, 11, 3, 13, 3, 0)`->`vertical_line(state, 12, 10, 13, 10, 0)`->`vertical_line(state, 12, 12, 13, 12, 0)`->`horizontal_line(state, 2, 6, 2, 8, 0)`","[[0, 0, 0, 0, 0, 0, 0, 0, 0, 0, 0, 0, 0, 0, 0, 0, 0], [0, 0, 0, 0, 0, 0, 0, 0, 0, 0, 0, 0, 0, 0, 0, 0, 0], [0, 0, 0, 0, 0, 0, 2, 0, 2, 0, 0, 0, 0, 0, 0, 0, 0], [0, 0, 0, 0, 0, 0, 0, 2, 0, 0, 0, 0, 0, 0, 0, 0, 0], [0, 0, 0, 0, 0, 0, 2, 2, 2, 0, 0, 0, 0, 0, 2, 0, 0], [0, 0, 0, 0, 0, 0, 0, 0, 0, 0, 0, 0, 0, 2, 2, 0, 0], [0, 0, 0, 0, 0, 0, 0, 0, 0, 0, 0, 0, 2, 0, 2, 0, 0], [0, 0, 0, 0, 0, 0, 0, 0, 0, 0, 0, 0, 0, 0, 0, 0, 0], [0, 0, 0, 0, 0, 0, 0, 0, 0, 0, 0, 0, 0, 0, 0, 0, 0], [0, 0, 0, 0, 0, 0, 0, 0, 0, 0, 0, 0, 0, 0, 0, 0, 0], [0, 0, 0, 0, 0, 0, 0, 0, 0, 0, 0, 0, 0, 0, 0, 0, 0], [0, 2, 0, 2, 0, 0, 0, 0, 0, 0, 2, 2, 2, 0, 0, 0, 0], [0, 0, 2, 0, 0, 0, 0, 0, 0, 0, 2, 0, 2, 0, 0, 0, 0], [0, 2, 0, 0, 0, 0, 0, 0, 0, 0, 2, 0, 2, 0, 0, 0, 0], [0, 0, 0, 0, 0, 0, 0, 0, 0, 0, 0, 0, 0, 0, 0, 0, 0], [0, 0, 0, 0, 0, 0, 0, 0, 0, 0, 0, 0, 0, 0, 0, 0, 0], [0, 0, 0, 0, 0, 0, 0, 0, 0, 0, 0, 0, 0, 0, 0, 0, 0]]"
93,"obj_color(state, object1, 5)->obj_color(state, object2, 5)->obj_color(state, object3, 5)->obj_color(state, object4, 5)->X_line(state, 0, 2, 5)","[[0, 0, 5, 5, 5, 5, 5, 0, 0, 0], [0, 5, 0, 5, 0, 0, 0, 0, 0, 0], [5, 0, 0, 0, 5, 0, 5, 5, 0, 0], [0, 0, 0, 0, 0, 5, 0, 0, 0, 0], [0, 5, 5, 5, 0, 0, 5, 0, 0, 0], [0, 0, 0, 0, 0, 0, 0, 5, 0, 0], [0, 0, 0, 0, 0, 0, 0, 0, 5, 0], [0, 0, 0, 0, 5, 5, 5, 5, 5, 5], [0, 0, 0, 0, 0, 0, 0, 0, 0, 0], [0, 0, 0, 0, 0, 0, 0, 0, 0, 0]]"
94,"obj_color(state, object5, 2)->obj_color(state, object3, 3)->obj_color(state, object8, 4)->obj_color(state, object14, 2)->obj_color(state, object9, 1)","[[0, 0, 0, 0, 0, 0, 0, 0, 0, 0, 0, 0, 0, 0, 0, 0, 0, 0, 0, 5, 0, 0, 0, 0, 0, 0], [0, 0, 4, 4, 4, 4, 4, 4, 4, 4, 4, 4, 4, 4, 4, 0, 0, 0, 0, 0, 0, 0, 0, 0, 0, 0], [0, 0, 4, 0, 0, 0, 0, 4, 4, 4, 4, 0, 4, 4, 4, 0, 0, 0, 0, 0, 0, 0, 0, 0, 0, 0], [0, 0, 4, 0, 0, 0, 0, 4, 0, 4, 4, 4, 4, 4, 4, 0, 0, 3, 3, 3, 3, 3, 3, 3, 3, 0], [0, 0, 4, 4, 4, 4, 4, 4, 0, 4, 4, 4, 4, 4, 4, 0, 0, 3, 3, 3, 3, 3, 3, 3, 3, 0], [0, 0, 4, 4, 4, 4, 4, 4, 0, 4, 4, 4, 4, 4, 4, 0, 0, 3, 3, 3, 0, 3, 3, 3, 3, 0], [0, 0, 4, 4, 4, 4, 4, 4, 4, 4, 4, 4, 4, 4, 4, 0, 0, 3, 3, 3, 3, 3, 3, 3, 3, 0], [0, 0, 0, 0, 0, 0, 0, 0, 0, 0, 0, 0, 0, 0, 0, 0, 0, 3, 0, 0, 0, 0, 0, 0, 3, 0], [0, 0, 0, 0, 0, 0, 0, 0, 0, 5, 0, 0, 0, 0, 0, 0, 0, 3, 3, 3, 3, 3, 3, 0, 3, 0], [0, 2, 2, 2, 0, 0, 0, 0, 0, 0, 0, 0, 0, 0, 0, 0, 0, 3, 3, 3, 3, 3, 3, 0, 3, 0], [0, 2, 2, 2, 0, 0, 0, 0, 0, 0, 0, 0, 0, 0, 5, 0, 0, 3, 3, 3, 3, 3, 3, 0, 3, 0], [0, 0, 0, 0, 0, 0, 0, 0, 0, 0, 0, 0, 0, 0, 0, 0, 0, 3, 3, 0, 0, 3, 3, 0, 3, 0], [0, 0, 0, 0, 0, 0, 4, 4, 4, 4, 4, 4, 0, 0, 0, 0, 0, 3, 3, 0, 0, 3, 3, 3, 3, 0], [0, 0, 0, 0, 0, 0, 0, 0, 0, 0, 0, 0, 0, 0, 0, 0, 0, 3, 3, 0, 0, 3, 3, 3, 3, 0], [0, 4, 0, 0, 0, 0, 0, 0, 0, 0, 0, 0, 0, 0, 0, 0, 0, 3, 3, 0, 0, 3, 0, 0, 3, 0], [0, 4, 0, 0, 0, 0, 0, 1, 1, 0, 0, 0, 0, 1, 0, 0, 0, 3, 3, 0, 0, 3, 0, 0, 3, 0], [0, 4, 0, 0, 0, 0, 0, 1, 1, 0, 0, 5, 0, 1, 0, 0, 0, 3, 3, 0, 0, 3, 3, 3, 3, 0], [0, 4, 0, 0, 0, 0, 0, 1, 1, 0, 0, 0, 0, 1, 0, 0, 0, 3, 3, 3, 3, 3, 3, 3, 3, 0], [0, 0, 0, 0, 0, 0, 0, 0, 0, 0, 0, 0, 0, 0, 0, 0, 0, 3, 3, 3, 3, 3, 3, 3, 3, 0], [0, 0, 0, 0, 0, 0, 0, 0, 0, 5, 0, 0, 0, 0, 0, 0, 0, 0, 0, 0, 0, 0, 0, 0, 0, 0], [0, 0, 0, 3, 0, 2, 2, 0, 0, 0, 0, 0, 0, 0, 0, 0, 0, 0, 0, 0, 0, 0, 0, 0, 0, 0], [0, 0, 0, 0, 0, 2, 2, 0, 0, 0, 0, 0, 0, 0, 0, 0, 0, 0, 0, 2, 0, 0, 0, 0, 0, 0], [0, 0, 0, 0, 0, 2, 2, 0, 0, 0, 0, 0, 0, 0, 0, 0, 0, 5, 0, 2, 0, 0, 0, 5, 0, 0], [0, 0, 0, 0, 5, 0, 0, 0, 0, 0, 0, 3, 0, 0, 0, 0, 0, 0, 0, 0, 0, 0, 0, 0, 7, 7], [0, 0, 0, 0, 0, 0, 0, 0, 0, 0, 0, 0, 0, 0, 0, 0, 0, 0, 0, 0, 0, 0, 0, 0, 7, 7]]"
95,"`obj_color(state, object1, 2)`->`obj_color(state, object2, 2)`->`obj_color(state, object3, 2)`->`obj_color(state, object4, 2)`->`obj_color(state, object5, 2)`","[[0, 0, 0, 0, 0, 0, 0, 0, 0, 0, 0, 0, 0], [0, 2, 0, 0, 0, 2, 0, 2, 0, 0, 2, 0, 0], [0, 2, 0, 2, 0, 2, 2, 2, 0, 0, 2, 2, 0], [0, 2, 2, 2, 0, 2, 0, 0, 0, 2, 0, 2, 0], [0, 0, 0, 0, 0, 0, 0, 0, 0, 0, 0, 0, 0], [0, 2, 0, 2, 0, 2, 0, 0, 0, 8, 8, 8, 0], [0, 2, 2, 2, 0, 0, 2, 0, 0, 8, 0, 8, 0], [0, 0, 2, 2, 0, 2, 0, 2, 0, 0, 8, 0, 0], [0, 0, 0, 0, 0, 0, 0, 0, 0, 0, 0, 0, 0], [0, 8, 8, 8, 0, 8, 0, 8, 0, 0, 0, 8, 0], [0, 8, 8, 0, 0, 8, 8, 0, 0, 8, 8, 8, 0], [0, 0, 8, 0, 0, 0, 8, 8, 0, 8, 0, 0, 0], [0, 0, 0, 0, 0, 0, 0, 0, 0, 0, 0, 0, 0]]"
97,vertical_flip(state)->vertical_flip(state)->`vertical_flip(state)`->vertical_flip(state)->vertical_flip(state),"[[8, 8, 8, 8, 8, 8, 8, 8, 8, 8, 8, 8, 8, 8, 8, 8, 8, 8, 8], [8, 8, 8, 8, 8, 8, 8, 0, 0, 0, 0, 0, 0, 0, 0, 0, 8, 8, 8], [8, 8, 8, 8, 8, 8, 8, 0, 0, 0, 2, 0, 0, 0, 0, 0, 8, 8, 8], [8, 8, 8, 8, 8, 8, 8, 0, 0, 0, 0, 0, 0, 0, 0, 0, 8, 8, 8], [8, 8, 8, 8, 8, 8, 8, 0, 0, 0, 0, 0, 0, 0, 0, 0, 8, 8, 8], [8, 8, 8, 8, 8, 8, 8, 0, 0, 0, 0, 0, 0, 0, 0, 0, 8, 8, 8], [8, 8, 8, 8, 8, 8, 8, 0, 0, 0, 0, 0, 0, 0, 0, 0, 8, 8, 8], [8, 8, 8, 8, 8, 8, 8, 0, 0, 0, 0, 0, 0, 0, 0, 0, 8, 8, 8], [8, 8, 8, 8, 8, 8, 8, 8, 8, 8, 8, 8, 8, 8, 8, 8, 8, 8, 8], [8, 8, 8, 8, 8, 8, 8, 8, 8, 8, 8, 8, 8, 8, 8, 8, 8, 8, 8], [8, 0, 0, 0, 0, 0, 0, 0, 8, 8, 8, 8, 8, 8, 8, 8, 8, 8, 8], [8, 0, 4, 4, 4, 4, 4, 0, 8, 8, 8, 8, 8, 8, 8, 8, 8, 8, 8], [8, 0, 0, 4, 2, 4, 0, 0, 8, 8, 8, 8, 8, 8, 8, 8, 8, 8, 8], [8, 0, 4, 4, 0, 4, 4, 0, 8, 8, 8, 8, 8, 8, 8, 8, 8, 8, 8], [8, 0, 0, 0, 0, 0, 0, 0, 8, 8, 8, 8, 8, 8, 8, 8, 8, 8, 8], [8, 8, 8, 8, 8, 8, 8, 8, 8, 8, 8, 8, 8, 8, 8, 8, 8, 8, 8], [8, 8, 8, 8, 8, 8, 8, 8, 8, 8, 8, 8, 8, 8, 8, 8, 8, 8, 8], [8, 8, 8, 8, 8, 8, 8, 8, 8, 8, 8, 8, 8, 8, 8, 8, 8, 8, 8], [8, 8, 8, 8, 8, 8, 8, 8, 8, 8, 8, 8, 8, 8, 8, 8, 8, 8, 8]]"
98,"rotate_right_obj(state, object1)->obj_color(state, object1, 2)->rotate_right_obj(state, object2)->obj_color(state, object2, 2)->complete(state)","[[0, 0, 0, 0, 2, 2, 2, 2, 2], [2, 2, 2, 2, 2, 2, 2, 2, 2], [2, 2, 2, 2, 2, 2, 2, 2, 2], [2, 2, 2, 2, 2, 2, 2, 2, 2], [2, 2, 2, 2, 2, 2, 2, 2, 2]]"
